# Blender 5.2.0 LTS
# www.blender.org
mtllib Chair.mtl
o Left_Leg_Front
v 0.183000 0.448000 0.170000
v 0.183000 0.450000 0.172000
v 0.185000 0.448000 0.172000
v 0.183000 0.449414 0.170586
v 0.184155 0.449155 0.170845
v 0.184414 0.449414 0.172000
v 0.184414 0.448000 0.170586
v 0.183000 0.000000 0.172000
v 0.183000 0.002000 0.170000
v 0.185000 0.002000 0.172000
v 0.183000 0.000586 0.170586
v 0.184155 0.000845 0.170845
v 0.184414 0.002000 0.170586
v 0.184414 0.000586 0.172000
v 0.185000 0.448000 0.208000
v 0.183000 0.450000 0.208000
v 0.183000 0.448000 0.210000
v 0.184414 0.449414 0.208000
v 0.184155 0.449155 0.209155
v 0.183000 0.449414 0.209414
v 0.184414 0.448000 0.209414
v 0.185000 0.002000 0.208000
v 0.183000 0.002000 0.210000
v 0.183000 0.000000 0.208000
v 0.184414 0.002000 0.209414
v 0.184155 0.000845 0.209155
v 0.183000 0.000586 0.209414
v 0.184414 0.000586 0.208000
v 0.147000 0.448000 0.170000
v 0.145000 0.448000 0.172000
v 0.147000 0.450000 0.172000
v 0.145586 0.448000 0.170586
v 0.145845 0.449155 0.170845
v 0.145586 0.449414 0.172000
v 0.147000 0.449414 0.170586
v 0.145000 0.002000 0.172000
v 0.147000 0.002000 0.170000
v 0.147000 0.000000 0.172000
v 0.145586 0.002000 0.170586
v 0.145845 0.000845 0.170845
v 0.147000 0.000586 0.170586
v 0.145586 0.000586 0.172000
v 0.145000 0.448000 0.208000
v 0.147000 0.448000 0.210000
v 0.147000 0.450000 0.208000
v 0.145586 0.448000 0.209414
v 0.145845 0.449155 0.209155
v 0.147000 0.449414 0.209414
v 0.145586 0.449414 0.208000
v 0.147000 0.000000 0.208000
v 0.147000 0.002000 0.210000
v 0.145000 0.002000 0.208000
v 0.147000 0.000586 0.209414
v 0.145845 0.000845 0.209155
v 0.145586 0.002000 0.209414
v 0.145586 0.000586 0.208000
vn 0.3250 0.3251 -0.8881
vn 0.3251 0.8881 -0.3251
vn 0.8881 0.3251 -0.3251
vn 0.3251 -0.8881 -0.3251
vn 0.3251 -0.3251 -0.8881
vn 0.8881 -0.3250 -0.3251
vn 0.8881 0.3251 0.3251
vn 0.3251 0.8881 0.3251
vn 0.3250 0.3251 0.8881
vn 0.8881 -0.3250 0.3251
vn 0.3251 -0.3251 0.8881
vn 0.3251 -0.8881 0.3251
vn -0.3250 0.3251 -0.8881
vn -0.8881 0.3250 -0.3251
vn -0.3251 0.8881 -0.3251
vn -0.8881 -0.3250 -0.3251
vn -0.3251 -0.3251 -0.8881
vn -0.3251 -0.8881 -0.3251
vn -0.8881 0.3251 0.3251
vn -0.3250 0.3251 0.8881
vn -0.3251 0.8881 0.3251
vn -0.3251 -0.8881 0.3251
vn -0.3251 -0.3251 0.8881
vn -0.8881 -0.3250 0.3251
vn -0.3827 -0.9239 -0.0000
vn -0.9239 -0.3827 -0.0000
vn -0.0000 -0.9239 -0.3827
vn -0.0000 -0.3827 -0.9239
vn 0.9239 -0.0000 -0.3827
vn 0.3827 -0.0000 -0.9239
vn -0.3827 -0.0000 0.9239
vn -0.9239 -0.0000 0.3827
vn 0.3827 -0.0000 0.9239
vn 0.9239 -0.0000 0.3827
vn -0.3827 -0.0000 -0.9239
vn -0.9239 -0.0000 -0.3827
vn -0.0000 0.9239 0.3827
vn -0.0000 0.3827 0.9239
vn 0.3827 0.9239 -0.0000
vn 0.9239 0.3827 -0.0000
vn -0.0000 -0.9239 0.3827
vn -0.0000 -0.3827 0.9239
vn -0.3827 0.9239 -0.0000
vn -0.9239 0.3827 -0.0000
vn -0.0000 0.9239 -0.3827
vn -0.0000 0.3827 -0.9239
vn 0.3827 -0.9239 -0.0000
vn 0.9239 -0.3827 -0.0000
vn -0.0000 -0.0000 -1.0000
vn 1.0000 -0.0000 -0.0000
vn -0.0000 1.0000 -0.0000
vn -0.0000 -1.0000 -0.0000
vn -0.0000 -0.0000 1.0000
vn -1.0000 -0.0000 -0.0000
vt 0.623889 0.487500
vt 0.631250 0.493750
vt 0.624843 0.500000
vt 0.623889 0.500000
vt 0.637500 0.512500
vt 0.625000 0.512500
vt 0.623889 0.512500
vt 0.362500 0.512500
vt 0.368750 0.493750
vt 0.373396 0.501761
vt 0.375000 0.512500
vt 0.376111 0.487500
vt 0.376111 0.500000
vt 0.376111 0.512500
vt 0.623889 0.737500
vt 0.625000 0.737500
vt 0.626604 0.748239
vt 0.623889 0.750000
vt 0.637500 0.737500
vt 0.631250 0.756250
vt 0.623889 0.762500
vt 0.376111 0.737500
vt 0.376111 0.750000
vt 0.375157 0.750000
vt 0.375000 0.737500
vt 0.376111 0.762500
vt 0.368750 0.756250
vt 0.362500 0.737500
vt 0.623889 0.262500
vt 0.623889 0.250000
vt 0.624765 0.247359
vt 0.625000 0.262500
vt 0.623889 0.237500
vt 0.625000 0.237500
vt 0.862500 0.512500
vt 0.862500 0.500000
vt 0.869717 0.500000
vt 0.875000 0.512500
vt 0.376111 0.237500
vt 0.376111 0.250000
vt 0.375235 0.252642
vt 0.375000 0.237500
vt 0.376111 0.262500
vt 0.375000 0.262500
vt 0.137500 0.512500
vt 0.125000 0.512500
vt 0.125000 0.505283
vt 0.137500 0.500000
vt 0.623889 0.012500
vt 0.623889 0.000000
vt 0.624530 0.000000
vt 0.625000 0.012500
vt 0.623889 0.987500
vt 0.625000 0.987500
vt 0.625000 0.994717
vt 0.623889 1.000000
vt 0.862500 0.737500
vt 0.875000 0.737500
vt 0.875000 0.744717
vt 0.862500 0.750000
vt 0.137500 0.737500
vt 0.137500 0.750000
vt 0.130283 0.750000
vt 0.125000 0.737500
vt 0.376111 0.987500
vt 0.376111 1.000000
vt 0.375470 1.000000
vt 0.375000 0.987500
vt 0.376111 0.012500
vt 0.375000 0.012500
vt 0.375000 0.005283
vt 0.376111 0.000000
s 0
usemtl Material
f 1/1/1 4/2/1 5/3/1 7/4/1
f 2/5/2 6/6/2 5/3/2 4/2/2
f 3/7/3 7/4/3 5/3/3 6/6/3
f 8/8/4 11/9/4 12/10/4 14/11/4
f 9/12/5 13/13/5 12/10/5 11/9/5
f 10/14/6 14/11/6 12/10/6 13/13/6
f 15/15/7 18/16/7 19/17/7 21/18/7
f 16/19/8 20/20/8 19/17/8 18/16/8
f 17/21/9 21/18/9 19/17/9 20/20/9
f 22/22/10 25/23/10 26/24/10 28/25/10
f 23/26/11 27/27/11 26/24/11 25/23/11
f 24/28/12 28/25/12 26/24/12 27/27/12
f 29/29/13 32/30/13 33/31/13 35/32/13
f 30/33/14 34/34/14 33/31/14 32/30/14
f 31/35/15 35/36/15 33/37/15 34/38/15
f 36/39/16 39/40/16 40/41/16 42/42/16
f 37/43/17 41/44/17 40/41/17 39/40/17
f 38/45/18 42/46/18 40/47/18 41/48/18
f 43/49/19 46/50/19 47/51/19 49/52/19
f 44/53/20 48/54/20 47/55/20 46/56/20
f 45/57/21 49/58/21 47/59/21 48/60/21
f 50/61/22 53/62/22 54/63/22 56/64/22
f 51/65/23 55/66/23 54/67/23 53/68/23
f 52/69/24 56/70/24 54/71/24 55/72/24
f 38/45/25 50/61/25 56/64/25 42/46/25
f 42/42/26 56/70/26 52/69/26 36/39/26
f 8/8/27 38/45/27 41/48/27 11/9/27
f 11/9/28 41/44/28 37/43/28 9/12/28
f 3/7/29 10/14/29 13/13/29 7/4/29
f 7/4/30 13/13/30 9/12/30 1/1/30
f 51/65/31 44/53/31 46/56/31 55/66/31
f 55/72/32 46/50/32 43/49/32 52/69/32
f 17/21/33 23/26/33 25/23/33 21/18/33
f 21/18/34 25/23/34 22/22/34 15/15/34
f 29/29/35 37/43/35 39/40/35 32/30/35
f 32/30/36 39/40/36 36/39/36 30/33/36
f 16/19/37 45/57/37 48/60/37 20/20/37
f 20/20/38 48/54/38 44/53/38 17/21/38
f 2/5/39 16/19/39 18/16/39 6/6/39
f 6/6/40 18/16/40 15/15/40 3/7/40
f 50/61/41 24/28/41 27/27/41 53/62/41
f 53/68/42 27/27/42 23/26/42 51/65/42
f 45/57/43 31/35/43 34/38/43 49/58/43
f 49/52/44 34/34/44 30/33/44 43/49/44
f 31/35/45 2/5/45 4/2/45 35/36/45
f 35/32/46 4/2/46 1/1/46 29/29/46
f 24/28/47 8/8/47 14/11/47 28/25/47
f 28/25/48 14/11/48 10/14/48 22/22/48
f 37/43/49 29/29/49 1/1/49 9/12/49
f 10/14/50 3/7/50 15/15/50 22/22/50
f 2/5/51 31/35/51 45/57/51 16/19/51
f 38/45/52 8/8/52 24/28/52 50/61/52
f 23/26/53 17/21/53 44/53/53 51/65/53
f 52/69/54 43/49/54 30/33/54 36/39/54
o Right_Leg_Front
v 0.183000 0.448000 -0.210000
v 0.183000 0.450000 -0.208000
v 0.185000 0.448000 -0.208000
v 0.183000 0.449414 -0.209414
v 0.184155 0.449155 -0.209155
v 0.184414 0.449414 -0.208000
v 0.184414 0.448000 -0.209414
v 0.183000 0.000000 -0.208000
v 0.183000 0.002000 -0.210000
v 0.185000 0.002000 -0.208000
v 0.183000 0.000586 -0.209414
v 0.184155 0.000845 -0.209155
v 0.184414 0.002000 -0.209414
v 0.184414 0.000586 -0.208000
v 0.185000 0.448000 -0.172000
v 0.183000 0.450000 -0.172000
v 0.183000 0.448000 -0.170000
v 0.184414 0.449414 -0.172000
v 0.184155 0.449155 -0.170845
v 0.183000 0.449414 -0.170586
v 0.184414 0.448000 -0.170586
v 0.185000 0.002000 -0.172000
v 0.183000 0.002000 -0.170000
v 0.183000 0.000000 -0.172000
v 0.184414 0.002000 -0.170586
v 0.184155 0.000845 -0.170845
v 0.183000 0.000586 -0.170586
v 0.184414 0.000586 -0.172000
v 0.147000 0.448000 -0.210000
v 0.145000 0.448000 -0.208000
v 0.147000 0.450000 -0.208000
v 0.145586 0.448000 -0.209414
v 0.145845 0.449155 -0.209155
v 0.145586 0.449414 -0.208000
v 0.147000 0.449414 -0.209414
v 0.145000 0.002000 -0.208000
v 0.147000 0.002000 -0.210000
v 0.147000 0.000000 -0.208000
v 0.145586 0.002000 -0.209414
v 0.145845 0.000845 -0.209155
v 0.147000 0.000586 -0.209414
v 0.145586 0.000586 -0.208000
v 0.145000 0.448000 -0.172000
v 0.147000 0.448000 -0.170000
v 0.147000 0.450000 -0.172000
v 0.145586 0.448000 -0.170586
v 0.145845 0.449155 -0.170845
v 0.147000 0.449414 -0.170586
v 0.145586 0.449414 -0.172000
v 0.147000 0.000000 -0.172000
v 0.147000 0.002000 -0.170000
v 0.145000 0.002000 -0.172000
v 0.147000 0.000586 -0.170586
v 0.145845 0.000845 -0.170845
v 0.145586 0.002000 -0.170586
v 0.145586 0.000586 -0.172000
vn 0.3250 0.3251 -0.8881
vn 0.3251 0.8881 -0.3251
vn 0.8881 0.3251 -0.3251
vn 0.3251 -0.8881 -0.3251
vn 0.3251 -0.3251 -0.8881
vn 0.8881 -0.3250 -0.3251
vn 0.8881 0.3250 0.3251
vn 0.3251 0.8881 0.3251
vn 0.3250 0.3251 0.8881
vn 0.8881 -0.3250 0.3251
vn 0.3251 -0.3251 0.8881
vn 0.3251 -0.8881 0.3251
vn -0.3250 0.3251 -0.8881
vn -0.8881 0.3251 -0.3251
vn -0.3251 0.8881 -0.3251
vn -0.8881 -0.3250 -0.3251
vn -0.3251 -0.3251 -0.8881
vn -0.3251 -0.8881 -0.3251
vn -0.8881 0.3251 0.3251
vn -0.3250 0.3251 0.8881
vn -0.3251 0.8881 0.3251
vn -0.3251 -0.8881 0.3251
vn -0.3251 -0.3251 0.8881
vn -0.8881 -0.3250 0.3251
vn -0.3827 -0.9239 -0.0000
vn -0.9239 -0.3827 -0.0000
vn -0.0000 -0.9239 -0.3827
vn -0.0000 -0.3827 -0.9239
vn 0.9239 -0.0000 -0.3827
vn 0.3827 -0.0000 -0.9239
vn -0.3827 -0.0000 0.9239
vn -0.9239 -0.0000 0.3827
vn 0.3827 -0.0000 0.9239
vn 0.9239 -0.0000 0.3827
vn -0.3827 -0.0000 -0.9239
vn -0.9239 -0.0000 -0.3827
vn -0.0000 0.9239 0.3827
vn -0.0000 0.3827 0.9239
vn 0.3827 0.9239 -0.0000
vn 0.9239 0.3827 -0.0000
vn -0.0000 -0.9239 0.3827
vn -0.0000 -0.3827 0.9239
vn -0.3827 0.9239 -0.0000
vn -0.9239 0.3827 -0.0000
vn -0.0000 0.9239 -0.3827
vn -0.0000 0.3827 -0.9239
vn 0.3827 -0.9239 -0.0000
vn 0.9239 -0.3827 -0.0000
vn -0.0000 -0.0000 -1.0000
vn 1.0000 -0.0000 -0.0000
vn -0.0000 1.0000 -0.0000
vn -0.0000 -1.0000 -0.0000
vn -0.0000 -0.0000 1.0000
vn -1.0000 -0.0000 -0.0000
vt 0.623889 0.487500
vt 0.631250 0.493750
vt 0.624843 0.500000
vt 0.623889 0.500000
vt 0.637500 0.512500
vt 0.625000 0.512500
vt 0.623889 0.512500
vt 0.362500 0.512500
vt 0.368750 0.493750
vt 0.373396 0.501761
vt 0.375000 0.512500
vt 0.376111 0.487500
vt 0.376111 0.500000
vt 0.376111 0.512500
vt 0.623889 0.737500
vt 0.625000 0.737500
vt 0.626604 0.748239
vt 0.623889 0.750000
vt 0.637500 0.737500
vt 0.631250 0.756250
vt 0.623889 0.762500
vt 0.376111 0.737500
vt 0.376111 0.750000
vt 0.375157 0.750000
vt 0.375000 0.737500
vt 0.376111 0.762500
vt 0.368750 0.756250
vt 0.362500 0.737500
vt 0.623889 0.262500
vt 0.623889 0.250000
vt 0.624765 0.247359
vt 0.625000 0.262500
vt 0.623889 0.237500
vt 0.625000 0.237500
vt 0.862500 0.512500
vt 0.862500 0.500000
vt 0.869717 0.500000
vt 0.875000 0.512500
vt 0.376111 0.237500
vt 0.376111 0.250000
vt 0.375235 0.252642
vt 0.375000 0.237500
vt 0.376111 0.262500
vt 0.375000 0.262500
vt 0.137500 0.512500
vt 0.125000 0.512500
vt 0.125000 0.505283
vt 0.137500 0.500000
vt 0.623889 0.012500
vt 0.623889 0.000000
vt 0.624530 0.000000
vt 0.625000 0.012500
vt 0.623889 0.987500
vt 0.625000 0.987500
vt 0.625000 0.994717
vt 0.623889 1.000000
vt 0.862500 0.737500
vt 0.875000 0.737500
vt 0.875000 0.744717
vt 0.862500 0.750000
vt 0.137500 0.737500
vt 0.137500 0.750000
vt 0.130283 0.750000
vt 0.125000 0.737500
vt 0.376111 0.987500
vt 0.376111 1.000000
vt 0.375470 1.000000
vt 0.375000 0.987500
vt 0.376111 0.012500
vt 0.375000 0.012500
vt 0.375000 0.005283
vt 0.376111 0.000000
s 0
usemtl Material.001
f 57/73/55 60/74/55 61/75/55 63/76/55
f 58/77/56 62/78/56 61/75/56 60/74/56
f 59/79/57 63/76/57 61/75/57 62/78/57
f 64/80/58 67/81/58 68/82/58 70/83/58
f 65/84/59 69/85/59 68/82/59 67/81/59
f 66/86/60 70/83/60 68/82/60 69/85/60
f 71/87/61 74/88/61 75/89/61 77/90/61
f 72/91/62 76/92/62 75/89/62 74/88/62
f 73/93/63 77/90/63 75/89/63 76/92/63
f 78/94/64 81/95/64 82/96/64 84/97/64
f 79/98/65 83/99/65 82/96/65 81/95/65
f 80/100/66 84/97/66 82/96/66 83/99/66
f 85/101/67 88/102/67 89/103/67 91/104/67
f 86/105/68 90/106/68 89/103/68 88/102/68
f 87/107/69 91/108/69 89/109/69 90/110/69
f 92/111/70 95/112/70 96/113/70 98/114/70
f 93/115/71 97/116/71 96/113/71 95/112/71
f 94/117/72 98/118/72 96/119/72 97/120/72
f 99/121/73 102/122/73 103/123/73 105/124/73
f 100/125/74 104/126/74 103/127/74 102/128/74
f 101/129/75 105/130/75 103/131/75 104/132/75
f 106/133/76 109/134/76 110/135/76 112/136/76
f 107/137/77 111/138/77 110/139/77 109/140/77
f 108/141/78 112/142/78 110/143/78 111/144/78
f 94/117/79 106/133/79 112/136/79 98/118/79
f 98/114/80 112/142/80 108/141/80 92/111/80
f 64/80/81 94/117/81 97/120/81 67/81/81
f 67/81/82 97/116/82 93/115/82 65/84/82
f 59/79/83 66/86/83 69/85/83 63/76/83
f 63/76/84 69/85/84 65/84/84 57/73/84
f 107/137/85 100/125/85 102/128/85 111/138/85
f 111/144/86 102/122/86 99/121/86 108/141/86
f 73/93/87 79/98/87 81/95/87 77/90/87
f 77/90/88 81/95/88 78/94/88 71/87/88
f 85/101/89 93/115/89 95/112/89 88/102/89
f 88/102/90 95/112/90 92/111/90 86/105/90
f 72/91/91 101/129/91 104/132/91 76/92/91
f 76/92/92 104/126/92 100/125/92 73/93/92
f 58/77/93 72/91/93 74/88/93 62/78/93
f 62/78/94 74/88/94 71/87/94 59/79/94
f 106/133/95 80/100/95 83/99/95 109/134/95
f 109/140/96 83/99/96 79/98/96 107/137/96
f 101/129/97 87/107/97 90/110/97 105/130/97
f 105/124/98 90/106/98 86/105/98 99/121/98
f 87/107/99 58/77/99 60/74/99 91/108/99
f 91/104/100 60/74/100 57/73/100 85/101/100
f 80/100/101 64/80/101 70/83/101 84/97/101
f 84/97/102 70/83/102 66/86/102 78/94/102
f 93/115/103 85/101/103 57/73/103 65/84/103
f 66/86/104 59/79/104 71/87/104 78/94/104
f 58/77/105 87/107/105 101/129/105 72/91/105
f 94/117/106 64/80/106 80/100/106 106/133/106
f 79/98/107 73/93/107 100/125/107 107/137/107
f 108/141/108 99/121/108 86/105/108 92/111/108
o Right_Leg_Back
v -0.147000 0.898000 -0.210000
v -0.147000 0.900000 -0.208000
v -0.145000 0.898000 -0.208000
v -0.147000 0.899414 -0.209414
v -0.145845 0.899155 -0.209155
v -0.145586 0.899414 -0.208000
v -0.145586 0.898000 -0.209414
v -0.147000 0.000000 -0.208000
v -0.147000 0.002000 -0.210000
v -0.145000 0.002000 -0.208000
v -0.147000 0.000586 -0.209414
v -0.145845 0.000845 -0.209155
v -0.145586 0.002000 -0.209414
v -0.145586 0.000586 -0.208000
v -0.145000 0.898000 -0.172000
v -0.147000 0.900000 -0.172000
v -0.147000 0.898000 -0.170000
v -0.145586 0.899414 -0.172000
v -0.145845 0.899155 -0.170845
v -0.147000 0.899414 -0.170586
v -0.145586 0.898000 -0.170586
v -0.145000 0.002000 -0.172000
v -0.147000 0.002000 -0.170000
v -0.147000 0.000000 -0.172000
v -0.145586 0.002000 -0.170586
v -0.145845 0.000845 -0.170845
v -0.147000 0.000586 -0.170586
v -0.145586 0.000586 -0.172000
v -0.183000 0.898000 -0.210000
v -0.185000 0.898000 -0.208000
v -0.183000 0.900000 -0.208000
v -0.184414 0.898000 -0.209414
v -0.184155 0.899155 -0.209155
v -0.184414 0.899414 -0.208000
v -0.183000 0.899414 -0.209414
v -0.185000 0.002000 -0.208000
v -0.183000 0.002000 -0.210000
v -0.183000 0.000000 -0.208000
v -0.184414 0.002000 -0.209414
v -0.184155 0.000845 -0.209155
v -0.183000 0.000586 -0.209414
v -0.184414 0.000586 -0.208000
v -0.185000 0.898000 -0.172000
v -0.183000 0.898000 -0.170000
v -0.183000 0.900000 -0.172000
v -0.184414 0.898000 -0.170586
v -0.184155 0.899155 -0.170845
v -0.183000 0.899414 -0.170586
v -0.184414 0.899414 -0.172000
v -0.183000 0.000000 -0.172000
v -0.183000 0.002000 -0.170000
v -0.185000 0.002000 -0.172000
v -0.183000 0.000586 -0.170586
v -0.184155 0.000845 -0.170845
v -0.184414 0.002000 -0.170586
v -0.184414 0.000586 -0.172000
vn 0.3251 0.3251 -0.8881
vn 0.3250 0.8881 -0.3250
vn 0.8881 0.3250 -0.3250
vn 0.3251 -0.8881 -0.3251
vn 0.3251 -0.3251 -0.8881
vn 0.8881 -0.3250 -0.3251
vn 0.8881 0.3250 0.3250
vn 0.3250 0.8881 0.3250
vn 0.3251 0.3251 0.8881
vn 0.8881 -0.3250 0.3251
vn 0.3251 -0.3251 0.8881
vn 0.3251 -0.8881 0.3251
vn -0.3251 0.3251 -0.8881
vn -0.8881 0.3250 -0.3250
vn -0.3250 0.8881 -0.3250
vn -0.8881 -0.3250 -0.3251
vn -0.3251 -0.3251 -0.8881
vn -0.3251 -0.8881 -0.3251
vn -0.8881 0.3250 0.3250
vn -0.3251 0.3251 0.8881
vn -0.3250 0.8881 0.3250
vn -0.3251 -0.8881 0.3251
vn -0.3251 -0.3251 0.8881
vn -0.8881 -0.3250 0.3251
vn -0.3827 -0.9239 -0.0000
vn -0.9239 -0.3827 -0.0000
vn -0.0000 -0.9239 -0.3827
vn -0.0000 -0.3827 -0.9239
vn 0.9239 -0.0000 -0.3827
vn 0.3827 -0.0000 -0.9239
vn -0.3827 -0.0000 0.9239
vn -0.9239 -0.0000 0.3827
vn 0.3827 -0.0000 0.9239
vn 0.9239 -0.0000 0.3827
vn -0.3827 -0.0000 -0.9239
vn -0.9239 -0.0000 -0.3827
vn -0.0000 0.9239 0.3827
vn -0.0000 0.3827 0.9239
vn 0.3828 0.9239 -0.0000
vn 0.9239 0.3827 -0.0000
vn -0.0000 -0.9239 0.3827
vn -0.0000 -0.3827 0.9239
vn -0.3828 0.9239 -0.0000
vn -0.9239 0.3827 -0.0000
vn -0.0000 0.9239 -0.3827
vn -0.0000 0.3827 -0.9239
vn 0.3827 -0.9239 -0.0000
vn 0.9239 -0.3827 -0.0000
vn -0.0000 -0.0000 -1.0000
vn 1.0000 -0.0000 -0.0000
vn -0.0000 1.0000 -0.0000
vn -0.0000 -1.0000 -0.0000
vn -0.0000 -0.0000 1.0000
vn -1.0000 -0.0000 -0.0000
vt 0.624444 0.487500
vt 0.631250 0.493750
vt 0.624922 0.500000
vt 0.624444 0.500000
vt 0.637500 0.512500
vt 0.625000 0.512500
vt 0.624444 0.512500
vt 0.362500 0.512500
vt 0.368750 0.493750
vt 0.373317 0.501761
vt 0.375000 0.512500
vt 0.375556 0.487500
vt 0.375556 0.500000
vt 0.375556 0.512500
vt 0.624444 0.737500
vt 0.625000 0.737500
vt 0.626683 0.748239
vt 0.624444 0.750000
vt 0.637500 0.737500
vt 0.631250 0.756250
vt 0.624444 0.762500
vt 0.375556 0.737500
vt 0.375556 0.750000
vt 0.375078 0.750000
vt 0.375000 0.737500
vt 0.375556 0.762500
vt 0.368750 0.756250
vt 0.362500 0.737500
vt 0.624444 0.262500
vt 0.624444 0.250000
vt 0.624883 0.247359
vt 0.625000 0.262500
vt 0.624444 0.237500
vt 0.625000 0.237500
vt 0.862500 0.512500
vt 0.862500 0.500000
vt 0.869717 0.500000
vt 0.875000 0.512500
vt 0.375556 0.237500
vt 0.375556 0.250000
vt 0.375117 0.252642
vt 0.375000 0.237500
vt 0.375556 0.262500
vt 0.375000 0.262500
vt 0.137500 0.512500
vt 0.125000 0.512500
vt 0.125000 0.505283
vt 0.137500 0.500000
vt 0.624444 0.012500
vt 0.624444 0.000000
vt 0.624765 0.000000
vt 0.625000 0.012500
vt 0.624444 0.987500
vt 0.625000 0.987500
vt 0.625000 0.994717
vt 0.624444 1.000000
vt 0.862500 0.737500
vt 0.875000 0.737500
vt 0.875000 0.744717
vt 0.862500 0.750000
vt 0.137500 0.737500
vt 0.137500 0.750000
vt 0.130283 0.750000
vt 0.125000 0.737500
vt 0.375556 0.987500
vt 0.375556 1.000000
vt 0.375235 1.000000
vt 0.375000 0.987500
vt 0.375556 0.012500
vt 0.375000 0.012500
vt 0.375000 0.005283
vt 0.375556 0.000000
s 0
usemtl Material.003
f 113/145/109 116/146/109 117/147/109 119/148/109
f 114/149/110 118/150/110 117/147/110 116/146/110
f 115/151/111 119/148/111 117/147/111 118/150/111
f 120/152/112 123/153/112 124/154/112 126/155/112
f 121/156/113 125/157/113 124/154/113 123/153/113
f 122/158/114 126/155/114 124/154/114 125/157/114
f 127/159/115 130/160/115 131/161/115 133/162/115
f 128/163/116 132/164/116 131/161/116 130/160/116
f 129/165/117 133/162/117 131/161/117 132/164/117
f 134/166/118 137/167/118 138/168/118 140/169/118
f 135/170/119 139/171/119 138/168/119 137/167/119
f 136/172/120 140/169/120 138/168/120 139/171/120
f 141/173/121 144/174/121 145/175/121 147/176/121
f 142/177/122 146/178/122 145/175/122 144/174/122
f 143/179/123 147/180/123 145/181/123 146/182/123
f 148/183/124 151/184/124 152/185/124 154/186/124
f 149/187/125 153/188/125 152/185/125 151/184/125
f 150/189/126 154/190/126 152/191/126 153/192/126
f 155/193/127 158/194/127 159/195/127 161/196/127
f 156/197/128 160/198/128 159/199/128 158/200/128
f 157/201/129 161/202/129 159/203/129 160/204/129
f 162/205/130 165/206/130 166/207/130 168/208/130
f 163/209/131 167/210/131 166/211/131 165/212/131
f 164/213/132 168/214/132 166/215/132 167/216/132
f 150/189/133 162/205/133 168/208/133 154/190/133
f 154/186/134 168/214/134 164/213/134 148/183/134
f 120/152/135 150/189/135 153/192/135 123/153/135
f 123/153/136 153/188/136 149/187/136 121/156/136
f 115/151/137 122/158/137 125/157/137 119/148/137
f 119/148/138 125/157/138 121/156/138 113/145/138
f 163/209/139 156/197/139 158/200/139 167/210/139
f 167/216/140 158/194/140 155/193/140 164/213/140
f 129/165/141 135/170/141 137/167/141 133/162/141
f 133/162/142 137/167/142 134/166/142 127/159/142
f 141/173/143 149/187/143 151/184/143 144/174/143
f 144/174/144 151/184/144 148/183/144 142/177/144
f 128/163/145 157/201/145 160/204/145 132/164/145
f 132/164/146 160/198/146 156/197/146 129/165/146
f 114/149/147 128/163/147 130/160/147 118/150/147
f 118/150/148 130/160/148 127/159/148 115/151/148
f 162/205/149 136/172/149 139/171/149 165/206/149
f 165/212/150 139/171/150 135/170/150 163/209/150
f 157/201/151 143/179/151 146/182/151 161/202/151
f 161/196/152 146/178/152 142/177/152 155/193/152
f 143/179/153 114/149/153 116/146/153 147/180/153
f 147/176/154 116/146/154 113/145/154 141/173/154
f 136/172/155 120/152/155 126/155/155 140/169/155
f 140/169/156 126/155/156 122/158/156 134/166/156
f 149/187/157 141/173/157 113/145/157 121/156/157
f 122/158/158 115/151/158 127/159/158 134/166/158
f 114/149/159 143/179/159 157/201/159 128/163/159
f 150/189/160 120/152/160 136/172/160 162/205/160
f 135/170/161 129/165/161 156/197/161 163/209/161
f 164/213/162 155/193/162 142/177/162 148/183/162
o Left_Leg_Back
v -0.147000 0.898000 0.170000
v -0.147000 0.900000 0.172000
v -0.145000 0.898000 0.172000
v -0.147000 0.899414 0.170586
v -0.145845 0.899155 0.170845
v -0.145586 0.899414 0.172000
v -0.145586 0.898000 0.170586
v -0.147000 0.000000 0.172000
v -0.147000 0.002000 0.170000
v -0.145000 0.002000 0.172000
v -0.147000 0.000586 0.170586
v -0.145845 0.000845 0.170845
v -0.145586 0.002000 0.170586
v -0.145586 0.000586 0.172000
v -0.145000 0.898000 0.208000
v -0.147000 0.900000 0.208000
v -0.147000 0.898000 0.210000
v -0.145586 0.899414 0.208000
v -0.145845 0.899155 0.209155
v -0.147000 0.899414 0.209414
v -0.145586 0.898000 0.209414
v -0.145000 0.002000 0.208000
v -0.147000 0.002000 0.210000
v -0.147000 0.000000 0.208000
v -0.145586 0.002000 0.209414
v -0.145845 0.000845 0.209155
v -0.147000 0.000586 0.209414
v -0.145586 0.000586 0.208000
v -0.183000 0.898000 0.170000
v -0.185000 0.898000 0.172000
v -0.183000 0.900000 0.172000
v -0.184414 0.898000 0.170586
v -0.184155 0.899155 0.170845
v -0.184414 0.899414 0.172000
v -0.183000 0.899414 0.170586
v -0.185000 0.002000 0.172000
v -0.183000 0.002000 0.170000
v -0.183000 0.000000 0.172000
v -0.184414 0.002000 0.170586
v -0.184155 0.000845 0.170845
v -0.183000 0.000586 0.170586
v -0.184414 0.000586 0.172000
v -0.185000 0.898000 0.208000
v -0.183000 0.898000 0.210000
v -0.183000 0.900000 0.208000
v -0.184414 0.898000 0.209414
v -0.184155 0.899155 0.209155
v -0.183000 0.899414 0.209414
v -0.184414 0.899414 0.208000
v -0.183000 0.000000 0.208000
v -0.183000 0.002000 0.210000
v -0.185000 0.002000 0.208000
v -0.183000 0.000586 0.209414
v -0.184155 0.000845 0.209155
v -0.184414 0.002000 0.209414
v -0.184414 0.000586 0.208000
vn 0.3251 0.3251 -0.8881
vn 0.3250 0.8881 -0.3250
vn 0.8881 0.3250 -0.3250
vn 0.3251 -0.8881 -0.3251
vn 0.3251 -0.3251 -0.8881
vn 0.8881 -0.3250 -0.3251
vn 0.8881 0.3250 0.3250
vn 0.3250 0.8881 0.3250
vn 0.3251 0.3251 0.8881
vn 0.8881 -0.3250 0.3251
vn 0.3251 -0.3251 0.8881
vn 0.3251 -0.8881 0.3251
vn -0.3251 0.3251 -0.8881
vn -0.8881 0.3250 -0.3250
vn -0.3250 0.8881 -0.3250
vn -0.8881 -0.3250 -0.3251
vn -0.3251 -0.3251 -0.8881
vn -0.3251 -0.8881 -0.3251
vn -0.8881 0.3250 0.3250
vn -0.3251 0.3251 0.8881
vn -0.3250 0.8881 0.3250
vn -0.3251 -0.8881 0.3251
vn -0.3251 -0.3251 0.8881
vn -0.8881 -0.3250 0.3251
vn -0.3827 -0.9239 -0.0000
vn -0.9239 -0.3827 -0.0000
vn -0.0000 -0.9239 -0.3827
vn -0.0000 -0.3827 -0.9239
vn 0.9239 -0.0000 -0.3827
vn 0.3827 -0.0000 -0.9239
vn -0.3827 -0.0000 0.9239
vn -0.9239 -0.0000 0.3827
vn 0.3827 -0.0000 0.9239
vn 0.9239 -0.0000 0.3827
vn -0.3827 -0.0000 -0.9239
vn -0.9239 -0.0000 -0.3827
vn -0.0000 0.9239 0.3827
vn -0.0000 0.3827 0.9239
vn 0.3828 0.9239 -0.0000
vn 0.9239 0.3827 -0.0000
vn -0.0000 -0.9239 0.3827
vn -0.0000 -0.3827 0.9239
vn -0.3828 0.9239 -0.0000
vn -0.9239 0.3827 -0.0000
vn -0.0000 0.9239 -0.3827
vn -0.0000 0.3827 -0.9239
vn 0.3827 -0.9239 -0.0000
vn 0.9239 -0.3827 -0.0000
vn -0.0000 -0.0000 -1.0000
vn 1.0000 -0.0000 -0.0000
vn -0.0000 1.0000 -0.0000
vn -0.0000 -1.0000 -0.0000
vn -0.0000 -0.0000 1.0000
vn -1.0000 -0.0000 -0.0000
vt 0.624444 0.487500
vt 0.631250 0.493750
vt 0.624922 0.500000
vt 0.624444 0.500000
vt 0.637500 0.512500
vt 0.625000 0.512500
vt 0.624444 0.512500
vt 0.362500 0.512500
vt 0.368750 0.493750
vt 0.373317 0.501761
vt 0.375000 0.512500
vt 0.375556 0.487500
vt 0.375556 0.500000
vt 0.375556 0.512500
vt 0.624444 0.737500
vt 0.625000 0.737500
vt 0.626683 0.748239
vt 0.624444 0.750000
vt 0.637500 0.737500
vt 0.631250 0.756250
vt 0.624444 0.762500
vt 0.375556 0.737500
vt 0.375556 0.750000
vt 0.375078 0.750000
vt 0.375000 0.737500
vt 0.375556 0.762500
vt 0.368750 0.756250
vt 0.362500 0.737500
vt 0.624444 0.262500
vt 0.624444 0.250000
vt 0.624883 0.247359
vt 0.625000 0.262500
vt 0.624444 0.237500
vt 0.625000 0.237500
vt 0.862500 0.512500
vt 0.862500 0.500000
vt 0.869717 0.500000
vt 0.875000 0.512500
vt 0.375556 0.237500
vt 0.375556 0.250000
vt 0.375117 0.252642
vt 0.375000 0.237500
vt 0.375556 0.262500
vt 0.375000 0.262500
vt 0.137500 0.512500
vt 0.125000 0.512500
vt 0.125000 0.505283
vt 0.137500 0.500000
vt 0.624444 0.012500
vt 0.624444 0.000000
vt 0.624765 0.000000
vt 0.625000 0.012500
vt 0.624444 0.987500
vt 0.625000 0.987500
vt 0.625000 0.994717
vt 0.624444 1.000000
vt 0.862500 0.737500
vt 0.875000 0.737500
vt 0.875000 0.744717
vt 0.862500 0.750000
vt 0.137500 0.737500
vt 0.137500 0.750000
vt 0.130283 0.750000
vt 0.125000 0.737500
vt 0.375556 0.987500
vt 0.375556 1.000000
vt 0.375235 1.000000
vt 0.375000 0.987500
vt 0.375556 0.012500
vt 0.375000 0.012500
vt 0.375000 0.005283
vt 0.375556 0.000000
s 0
usemtl Material.004
f 169/217/163 172/218/163 173/219/163 175/220/163
f 170/221/164 174/222/164 173/219/164 172/218/164
f 171/223/165 175/220/165 173/219/165 174/222/165
f 176/224/166 179/225/166 180/226/166 182/227/166
f 177/228/167 181/229/167 180/226/167 179/225/167
f 178/230/168 182/227/168 180/226/168 181/229/168
f 183/231/169 186/232/169 187/233/169 189/234/169
f 184/235/170 188/236/170 187/233/170 186/232/170
f 185/237/171 189/234/171 187/233/171 188/236/171
f 190/238/172 193/239/172 194/240/172 196/241/172
f 191/242/173 195/243/173 194/240/173 193/239/173
f 192/244/174 196/241/174 194/240/174 195/243/174
f 197/245/175 200/246/175 201/247/175 203/248/175
f 198/249/176 202/250/176 201/247/176 200/246/176
f 199/251/177 203/252/177 201/253/177 202/254/177
f 204/255/178 207/256/178 208/257/178 210/258/178
f 205/259/179 209/260/179 208/257/179 207/256/179
f 206/261/180 210/262/180 208/263/180 209/264/180
f 211/265/181 214/266/181 215/267/181 217/268/181
f 212/269/182 216/270/182 215/271/182 214/272/182
f 213/273/183 217/274/183 215/275/183 216/276/183
f 218/277/184 221/278/184 222/279/184 224/280/184
f 219/281/185 223/282/185 222/283/185 221/284/185
f 220/285/186 224/286/186 222/287/186 223/288/186
f 206/261/187 218/277/187 224/280/187 210/262/187
f 210/258/188 224/286/188 220/285/188 204/255/188
f 176/224/189 206/261/189 209/264/189 179/225/189
f 179/225/190 209/260/190 205/259/190 177/228/190
f 171/223/191 178/230/191 181/229/191 175/220/191
f 175/220/192 181/229/192 177/228/192 169/217/192
f 219/281/193 212/269/193 214/272/193 223/282/193
f 223/288/194 214/266/194 211/265/194 220/285/194
f 185/237/195 191/242/195 193/239/195 189/234/195
f 189/234/196 193/239/196 190/238/196 183/231/196
f 197/245/197 205/259/197 207/256/197 200/246/197
f 200/246/198 207/256/198 204/255/198 198/249/198
f 184/235/199 213/273/199 216/276/199 188/236/199
f 188/236/200 216/270/200 212/269/200 185/237/200
f 170/221/201 184/235/201 186/232/201 174/222/201
f 174/222/202 186/232/202 183/231/202 171/223/202
f 218/277/203 192/244/203 195/243/203 221/278/203
f 221/284/204 195/243/204 191/242/204 219/281/204
f 213/273/205 199/251/205 202/254/205 217/274/205
f 217/268/206 202/250/206 198/249/206 211/265/206
f 199/251/207 170/221/207 172/218/207 203/252/207
f 203/248/208 172/218/208 169/217/208 197/245/208
f 192/244/209 176/224/209 182/227/209 196/241/209
f 196/241/210 182/227/210 178/230/210 190/238/210
f 205/259/211 197/245/211 169/217/211 177/228/211
f 178/230/212 171/223/212 183/231/212 190/238/212
f 170/221/213 199/251/213 213/273/213 184/235/213
f 206/261/214 176/224/214 192/244/214 218/277/214
f 191/242/215 185/237/215 212/269/215 219/281/215
f 220/285/216 211/265/216 198/249/216 204/255/216
o Seat
v 0.183000 0.458000 -0.210000
v 0.183000 0.460000 -0.208000
v 0.185000 0.458000 -0.208000
v 0.183000 0.459414 -0.209414
v 0.184155 0.459155 -0.209155
v 0.184414 0.459414 -0.208000
v 0.184414 0.458000 -0.209414
v 0.183000 0.440000 -0.208000
v 0.183000 0.442000 -0.210000
v 0.185000 0.442000 -0.208000
v 0.183000 0.440586 -0.209414
v 0.184155 0.440845 -0.209155
v 0.184414 0.442000 -0.209414
v 0.184414 0.440586 -0.208000
v 0.185000 0.458000 0.208000
v 0.183000 0.460000 0.208000
v 0.183000 0.458000 0.210000
v 0.184414 0.459414 0.208000
v 0.184155 0.459155 0.209155
v 0.183000 0.459414 0.209414
v 0.184414 0.458000 0.209414
v 0.185000 0.442000 0.208000
v 0.183000 0.442000 0.210000
v 0.183000 0.440000 0.208000
v 0.184414 0.442000 0.209414
v 0.184155 0.440845 0.209155
v 0.183000 0.440586 0.209414
v 0.184414 0.440586 0.208000
v -0.183000 0.458000 -0.210000
v -0.185000 0.458000 -0.208000
v -0.183000 0.460000 -0.208000
v -0.184414 0.458000 -0.209414
v -0.184155 0.459155 -0.209155
v -0.184414 0.459414 -0.208000
v -0.183000 0.459414 -0.209414
v -0.185000 0.442000 -0.208000
v -0.183000 0.442000 -0.210000
v -0.183000 0.440000 -0.208000
v -0.184414 0.442000 -0.209414
v -0.184155 0.440845 -0.209155
v -0.183000 0.440586 -0.209414
v -0.184414 0.440586 -0.208000
v -0.185000 0.458000 0.208000
v -0.183000 0.458000 0.210000
v -0.183000 0.460000 0.208000
v -0.184414 0.458000 0.209414
v -0.184155 0.459155 0.209155
v -0.183000 0.459414 0.209414
v -0.184414 0.459414 0.208000
v -0.183000 0.440000 0.208000
v -0.183000 0.442000 0.210000
v -0.185000 0.442000 0.208000
v -0.183000 0.440586 0.209414
v -0.184155 0.440845 0.209155
v -0.184414 0.442000 0.209414
v -0.184414 0.440586 0.208000
vn 0.3250 0.3251 -0.8881
vn 0.3251 0.8881 -0.3251
vn 0.8881 0.3250 -0.3251
vn 0.3251 -0.8881 -0.3251
vn 0.3251 -0.3251 -0.8881
vn 0.8881 -0.3250 -0.3251
vn 0.8881 0.3250 0.3251
vn 0.3251 0.8881 0.3251
vn 0.3250 0.3251 0.8881
vn 0.8881 -0.3250 0.3251
vn 0.3251 -0.3251 0.8881
vn 0.3251 -0.8881 0.3251
vn -0.3250 0.3251 -0.8881
vn -0.8881 0.3250 -0.3251
vn -0.3251 0.8881 -0.3251
vn -0.8881 -0.3250 -0.3251
vn -0.3251 -0.3251 -0.8881
vn -0.3251 -0.8881 -0.3251
vn -0.8881 0.3250 0.3251
vn -0.3250 0.3251 0.8881
vn -0.3251 0.8881 0.3251
vn -0.3251 -0.8881 0.3251
vn -0.3251 -0.3251 0.8881
vn -0.8881 -0.3250 0.3251
vn -0.3827 -0.9239 -0.0000
vn -0.9239 -0.3827 -0.0000
vn -0.0000 -0.9239 -0.3827
vn -0.0000 -0.3827 -0.9239
vn 0.9239 -0.0000 -0.3827
vn 0.3827 -0.0000 -0.9239
vn -0.3827 -0.0000 0.9239
vn -0.9239 -0.0000 0.3827
vn 0.3827 -0.0000 0.9239
vn 0.9239 -0.0000 0.3827
vn -0.3827 -0.0000 -0.9239
vn -0.9239 -0.0000 -0.3827
vn -0.0000 0.9239 0.3827
vn -0.0000 0.3827 0.9239
vn 0.3827 0.9239 -0.0000
vn 0.9239 0.3827 -0.0000
vn -0.0000 -0.9239 0.3827
vn -0.0000 -0.3827 0.9239
vn -0.3827 0.9239 -0.0000
vn -0.9239 0.3827 -0.0000
vn -0.0000 0.9239 -0.3827
vn -0.0000 0.3827 -0.9239
vn 0.3827 -0.9239 -0.0000
vn 0.9239 -0.3827 -0.0000
vn -0.0000 -0.0000 -1.0000
vn 1.0000 -0.0000 -0.0000
vn -0.0000 1.0000 -0.0000
vn -0.0000 -1.0000 -0.0000
vn -0.0000 -0.0000 1.0000
vn -1.0000 -0.0000 -0.0000
vt 0.600000 0.498649
vt 0.625676 0.499324
vt 0.621478 0.499977
vt 0.600000 0.500000
vt 0.626351 0.501190
vt 0.625000 0.501190
vt 0.600000 0.501190
vt 0.373649 0.501191
vt 0.374324 0.499324
vt 0.378332 0.500168
vt 0.375000 0.501190
vt 0.400000 0.498649
vt 0.400000 0.500000
vt 0.400000 0.501190
vt 0.600000 0.748810
vt 0.625000 0.748810
vt 0.621668 0.749832
vt 0.600000 0.750000
vt 0.626351 0.748810
vt 0.625676 0.750676
vt 0.600000 0.751351
vt 0.400000 0.748810
vt 0.400000 0.750000
vt 0.378522 0.750023
vt 0.375000 0.748810
vt 0.400000 0.751351
vt 0.374324 0.750676
vt 0.373649 0.748810
vt 0.600000 0.251351
vt 0.600000 0.250000
vt 0.619717 0.249748
vt 0.625000 0.251351
vt 0.600000 0.248810
vt 0.625000 0.248810
vt 0.873649 0.501191
vt 0.873649 0.500000
vt 0.874429 0.500000
vt 0.875000 0.501190
vt 0.400000 0.248810
vt 0.400000 0.250000
vt 0.380283 0.250286
vt 0.375000 0.248810
vt 0.400000 0.251351
vt 0.375000 0.251351
vt 0.126351 0.501190
vt 0.125000 0.501190
vt 0.125000 0.500503
vt 0.126351 0.500000
vt 0.600000 0.001190
vt 0.600000 0.000000
vt 0.614434 0.000000
vt 0.625000 0.001190
vt 0.600000 0.998649
vt 0.625000 0.998649
vt 0.625000 0.999429
vt 0.600000 1.000000
vt 0.873649 0.748810
vt 0.875000 0.748810
vt 0.875000 0.749497
vt 0.873649 0.750000
vt 0.126351 0.748810
vt 0.126351 0.750000
vt 0.125571 0.750000
vt 0.125000 0.748810
vt 0.400000 0.998649
vt 0.400000 1.000000
vt 0.385566 1.000000
vt 0.375000 0.998649
vt 0.400000 0.001190
vt 0.375000 0.001190
vt 0.375000 0.000503
vt 0.400000 0.000000
s 0
usemtl Material.005
f 225/289/217 228/290/217 229/291/217 231/292/217
f 226/293/218 230/294/218 229/291/218 228/290/218
f 227/295/219 231/292/219 229/291/219 230/294/219
f 232/296/220 235/297/220 236/298/220 238/299/220
f 233/300/221 237/301/221 236/298/221 235/297/221
f 234/302/222 238/299/222 236/298/222 237/301/222
f 239/303/223 242/304/223 243/305/223 245/306/223
f 240/307/224 244/308/224 243/305/224 242/304/224
f 241/309/225 245/306/225 243/305/225 244/308/225
f 246/310/226 249/311/226 250/312/226 252/313/226
f 247/314/227 251/315/227 250/312/227 249/311/227
f 248/316/228 252/313/228 250/312/228 251/315/228
f 253/317/229 256/318/229 257/319/229 259/320/229
f 254/321/230 258/322/230 257/319/230 256/318/230
f 255/323/231 259/324/231 257/325/231 258/326/231
f 260/327/232 263/328/232 264/329/232 266/330/232
f 261/331/233 265/332/233 264/329/233 263/328/233
f 262/333/234 266/334/234 264/335/234 265/336/234
f 267/337/235 270/338/235 271/339/235 273/340/235
f 268/341/236 272/342/236 271/343/236 270/344/236
f 269/345/237 273/346/237 271/347/237 272/348/237
f 274/349/238 277/350/238 278/351/238 280/352/238
f 275/353/239 279/354/239 278/355/239 277/356/239
f 276/357/240 280/358/240 278/359/240 279/360/240
f 262/333/241 274/349/241 280/352/241 266/334/241
f 266/330/242 280/358/242 276/357/242 260/327/242
f 232/296/243 262/333/243 265/336/243 235/297/243
f 235/297/244 265/332/244 261/331/244 233/300/244
f 227/295/245 234/302/245 237/301/245 231/292/245
f 231/292/246 237/301/246 233/300/246 225/289/246
f 275/353/247 268/341/247 270/344/247 279/354/247
f 279/360/248 270/338/248 267/337/248 276/357/248
f 241/309/249 247/314/249 249/311/249 245/306/249
f 245/306/250 249/311/250 246/310/250 239/303/250
f 253/317/251 261/331/251 263/328/251 256/318/251
f 256/318/252 263/328/252 260/327/252 254/321/252
f 240/307/253 269/345/253 272/348/253 244/308/253
f 244/308/254 272/342/254 268/341/254 241/309/254
f 226/293/255 240/307/255 242/304/255 230/294/255
f 230/294/256 242/304/256 239/303/256 227/295/256
f 274/349/257 248/316/257 251/315/257 277/350/257
f 277/356/258 251/315/258 247/314/258 275/353/258
f 269/345/259 255/323/259 258/326/259 273/346/259
f 273/340/260 258/322/260 254/321/260 267/337/260
f 255/323/261 226/293/261 228/290/261 259/324/261
f 259/320/262 228/290/262 225/289/262 253/317/262
f 248/316/263 232/296/263 238/299/263 252/313/263
f 252/313/264 238/299/264 234/302/264 246/310/264
f 261/331/265 253/317/265 225/289/265 233/300/265
f 234/302/266 227/295/266 239/303/266 246/310/266
f 226/293/267 255/323/267 269/345/267 240/307/267
f 262/333/268 232/296/268 248/316/268 274/349/268
f 247/314/269 241/309/269 268/341/269 275/353/269
f 276/357/270 267/337/270 254/321/270 260/327/270
o Left_Leg_Side
v 0.163000 0.092000 0.170000
v 0.165000 0.092000 0.172000
v 0.163000 0.090000 0.172000
v 0.164414 0.092000 0.170586
v 0.164155 0.090845 0.170845
v 0.164414 0.090586 0.172000
v 0.163000 0.090586 0.170586
v -0.165000 0.092000 0.172000
v -0.163000 0.092000 0.170000
v -0.163000 0.090000 0.172000
v -0.164414 0.092000 0.170586
v -0.164155 0.090845 0.170845
v -0.163000 0.090586 0.170586
v -0.164414 0.090586 0.172000
v 0.163000 0.090000 0.208000
v 0.165000 0.092000 0.208000
v 0.163000 0.092000 0.210000
v 0.164414 0.090586 0.208000
v 0.164155 0.090845 0.209155
v 0.164414 0.092000 0.209414
v 0.163000 0.090586 0.209414
v -0.163000 0.090000 0.208000
v -0.163000 0.092000 0.210000
v -0.165000 0.092000 0.208000
v -0.163000 0.090586 0.209414
v -0.164155 0.090845 0.209155
v -0.164414 0.092000 0.209414
v -0.164414 0.090586 0.208000
v 0.163000 0.128000 0.170000
v 0.163000 0.130000 0.172000
v 0.165000 0.128000 0.172000
v 0.163000 0.129414 0.170586
v 0.164155 0.129155 0.170845
v 0.164414 0.129414 0.172000
v 0.164414 0.128000 0.170586
v -0.163000 0.130000 0.172000
v -0.163000 0.128000 0.170000
v -0.165000 0.128000 0.172000
v -0.163000 0.129414 0.170586
v -0.164155 0.129155 0.170845
v -0.164414 0.128000 0.170586
v -0.164414 0.129414 0.172000
v 0.163000 0.130000 0.208000
v 0.163000 0.128000 0.210000
v 0.165000 0.128000 0.208000
v 0.163000 0.129414 0.209414
v 0.164155 0.129155 0.209155
v 0.164414 0.128000 0.209414
v 0.164414 0.129414 0.208000
v -0.165000 0.128000 0.208000
v -0.163000 0.128000 0.210000
v -0.163000 0.130000 0.208000
v -0.164414 0.128000 0.209414
v -0.164155 0.129155 0.209155
v -0.163000 0.129414 0.209414
v -0.164414 0.129414 0.208000
vn 0.3251 -0.3251 -0.8881
vn 0.8881 -0.3251 -0.3251
vn 0.3251 -0.8881 -0.3251
vn -0.8881 -0.3251 -0.3251
vn -0.3251 -0.3251 -0.8881
vn -0.3251 -0.8881 -0.3251
vn 0.3250 -0.8881 0.3251
vn 0.8881 -0.3251 0.3251
vn 0.3251 -0.3251 0.8881
vn -0.3251 -0.8881 0.3251
vn -0.3251 -0.3251 0.8881
vn -0.8881 -0.3251 0.3251
vn 0.3250 0.3251 -0.8881
vn 0.3251 0.8881 -0.3251
vn 0.8881 0.3251 -0.3251
vn -0.3251 0.8881 -0.3251
vn -0.3250 0.3251 -0.8881
vn -0.8881 0.3251 -0.3251
vn 0.3251 0.8881 0.3251
vn 0.3250 0.3251 0.8881
vn 0.8881 0.3251 0.3251
vn -0.8881 0.3251 0.3251
vn -0.3250 0.3251 0.8881
vn -0.3251 0.8881 0.3251
vn -0.9239 0.3827 -0.0000
vn -0.3827 0.9239 -0.0000
vn -0.9239 -0.0000 -0.3827
vn -0.3827 -0.0000 -0.9239
vn -0.0000 -0.9239 -0.3827
vn -0.0000 -0.3827 -0.9239
vn -0.0000 0.3827 0.9239
vn -0.0000 0.9239 0.3827
vn -0.0000 -0.3827 0.9239
vn -0.0000 -0.9239 0.3827
vn -0.0000 0.3827 -0.9239
vn -0.0000 0.9239 -0.3827
vn 0.9239 -0.0000 0.3827
vn 0.3827 -0.0000 0.9239
vn 0.9239 -0.3827 -0.0000
vn 0.3827 -0.9239 -0.0000
vn -0.9239 -0.0000 0.3827
vn -0.3827 -0.0000 0.9239
vn 0.9239 0.3827 -0.0000
vn 0.3827 0.9239 -0.0000
vn 0.9239 -0.0000 -0.3827
vn 0.3827 -0.0000 -0.9239
vn -0.9239 -0.3827 -0.0000
vn -0.3827 -0.9239 -0.0000
vn -0.0000 -0.0000 -1.0000
vn -0.0000 -1.0000 -0.0000
vn 1.0000 -0.0000 -0.0000
vn -1.0000 -0.0000 -0.0000
vn -0.0000 -0.0000 1.0000
vn -0.0000 1.0000 -0.0000
vt 0.623485 0.487500
vt 0.631250 0.493750
vt 0.624787 0.500000
vt 0.623485 0.500000
vt 0.637500 0.512500
vt 0.625000 0.512500
vt 0.623485 0.512500
vt 0.362500 0.512500
vt 0.368750 0.493750
vt 0.373452 0.501761
vt 0.375000 0.512500
vt 0.376515 0.487500
vt 0.376515 0.500000
vt 0.376515 0.512500
vt 0.623485 0.737500
vt 0.625000 0.737500
vt 0.626548 0.748239
vt 0.623485 0.750000
vt 0.637500 0.737500
vt 0.631250 0.756250
vt 0.623485 0.762500
vt 0.376515 0.737500
vt 0.376515 0.750000
vt 0.375213 0.750000
vt 0.375000 0.737500
vt 0.376515 0.762500
vt 0.368750 0.756250
vt 0.362500 0.737500
vt 0.623485 0.262500
vt 0.623485 0.250000
vt 0.624680 0.247359
vt 0.625000 0.262500
vt 0.623485 0.237500
vt 0.625000 0.237500
vt 0.862500 0.512500
vt 0.862500 0.500000
vt 0.869717 0.500000
vt 0.875000 0.512500
vt 0.376515 0.237500
vt 0.376515 0.250000
vt 0.375320 0.252641
vt 0.375000 0.237500
vt 0.376515 0.262500
vt 0.375000 0.262500
vt 0.137500 0.512500
vt 0.125000 0.512500
vt 0.125000 0.505283
vt 0.137500 0.500000
vt 0.623485 0.012500
vt 0.623485 0.000000
vt 0.624360 0.000000
vt 0.625000 0.012500
vt 0.623485 0.987500
vt 0.625000 0.987500
vt 0.625000 0.994717
vt 0.623485 1.000000
vt 0.862500 0.737500
vt 0.875000 0.737500
vt 0.875000 0.744717
vt 0.862500 0.750000
vt 0.137500 0.737500
vt 0.137500 0.750000
vt 0.130283 0.750000
vt 0.125000 0.737500
vt 0.376515 0.987500
vt 0.376515 1.000000
vt 0.375640 1.000000
vt 0.375000 0.987500
vt 0.376515 0.012500
vt 0.375000 0.012500
vt 0.375000 0.005283
vt 0.376515 0.000000
s 0
usemtl Material.006
f 281/361/271 284/362/271 285/363/271 287/364/271
f 282/365/272 286/366/272 285/363/272 284/362/272
f 283/367/273 287/364/273 285/363/273 286/366/273
f 288/368/274 291/369/274 292/370/274 294/371/274
f 289/372/275 293/373/275 292/370/275 291/369/275
f 290/374/276 294/371/276 292/370/276 293/373/276
f 295/375/277 298/376/277 299/377/277 301/378/277
f 296/379/278 300/380/278 299/377/278 298/376/278
f 297/381/279 301/378/279 299/377/279 300/380/279
f 302/382/280 305/383/280 306/384/280 308/385/280
f 303/386/281 307/387/281 306/384/281 305/383/281
f 304/388/282 308/385/282 306/384/282 307/387/282
f 309/389/283 312/390/283 313/391/283 315/392/283
f 310/393/284 314/394/284 313/391/284 312/390/284
f 311/395/285 315/396/285 313/397/285 314/398/285
f 316/399/286 319/400/286 320/401/286 322/402/286
f 317/403/287 321/404/287 320/401/287 319/400/287
f 318/405/288 322/406/288 320/407/288 321/408/288
f 323/409/289 326/410/289 327/411/289 329/412/289
f 324/413/290 328/414/290 327/415/290 326/416/290
f 325/417/291 329/418/291 327/419/291 328/420/291
f 330/421/292 333/422/292 334/423/292 336/424/292
f 331/425/293 335/426/293 334/427/293 333/428/293
f 332/429/294 336/430/294 334/431/294 335/432/294
f 318/405/295 330/421/295 336/424/295 322/406/295
f 322/402/296 336/430/296 332/429/296 316/399/296
f 288/368/297 318/405/297 321/408/297 291/369/297
f 291/369/298 321/404/298 317/403/298 289/372/298
f 283/367/299 290/374/299 293/373/299 287/364/299
f 287/364/300 293/373/300 289/372/300 281/361/300
f 331/425/301 324/413/301 326/416/301 335/426/301
f 335/432/302 326/410/302 323/409/302 332/429/302
f 297/381/303 303/386/303 305/383/303 301/378/303
f 301/378/304 305/383/304 302/382/304 295/375/304
f 309/389/305 317/403/305 319/400/305 312/390/305
f 312/390/306 319/400/306 316/399/306 310/393/306
f 296/379/307 325/417/307 328/420/307 300/380/307
f 300/380/308 328/414/308 324/413/308 297/381/308
f 282/365/309 296/379/309 298/376/309 286/366/309
f 286/366/310 298/376/310 295/375/310 283/367/310
f 330/421/311 304/388/311 307/387/311 333/422/311
f 333/428/312 307/387/312 303/386/312 331/425/312
f 325/417/313 311/395/313 314/398/313 329/418/313
f 329/412/314 314/394/314 310/393/314 323/409/314
f 311/395/315 282/365/315 284/362/315 315/396/315
f 315/392/316 284/362/316 281/361/316 309/389/316
f 304/388/317 288/368/317 294/371/317 308/385/317
f 308/385/318 294/371/318 290/374/318 302/382/318
f 317/403/319 309/389/319 281/361/319 289/372/319
f 290/374/320 283/367/320 295/375/320 302/382/320
f 282/365/321 311/395/321 325/417/321 296/379/321
f 318/405/322 288/368/322 304/388/322 330/421/322
f 303/386/323 297/381/323 324/413/323 331/425/323
f 332/429/324 323/409/324 310/393/324 316/399/324
o Right_Leg_Side.
v 0.163000 0.092000 -0.210000
v 0.165000 0.092000 -0.208000
v 0.163000 0.090000 -0.208000
v 0.164414 0.092000 -0.209414
v 0.164155 0.090845 -0.209155
v 0.164414 0.090586 -0.208000
v 0.163000 0.090586 -0.209414
v -0.165000 0.092000 -0.208000
v -0.163000 0.092000 -0.210000
v -0.163000 0.090000 -0.208000
v -0.164414 0.092000 -0.209414
v -0.164155 0.090845 -0.209155
v -0.163000 0.090586 -0.209414
v -0.164414 0.090586 -0.208000
v 0.163000 0.090000 -0.172000
v 0.165000 0.092000 -0.172000
v 0.163000 0.092000 -0.170000
v 0.164414 0.090586 -0.172000
v 0.164155 0.090845 -0.170845
v 0.164414 0.092000 -0.170586
v 0.163000 0.090586 -0.170586
v -0.163000 0.090000 -0.172000
v -0.163000 0.092000 -0.170000
v -0.165000 0.092000 -0.172000
v -0.163000 0.090586 -0.170586
v -0.164155 0.090845 -0.170845
v -0.164414 0.092000 -0.170586
v -0.164414 0.090586 -0.172000
v 0.163000 0.128000 -0.210000
v 0.163000 0.130000 -0.208000
v 0.165000 0.128000 -0.208000
v 0.163000 0.129414 -0.209414
v 0.164155 0.129155 -0.209155
v 0.164414 0.129414 -0.208000
v 0.164414 0.128000 -0.209414
v -0.163000 0.130000 -0.208000
v -0.163000 0.128000 -0.210000
v -0.165000 0.128000 -0.208000
v -0.163000 0.129414 -0.209414
v -0.164155 0.129155 -0.209155
v -0.164414 0.128000 -0.209414
v -0.164414 0.129414 -0.208000
v 0.163000 0.130000 -0.172000
v 0.163000 0.128000 -0.170000
v 0.165000 0.128000 -0.172000
v 0.163000 0.129414 -0.170586
v 0.164155 0.129155 -0.170845
v 0.164414 0.128000 -0.170586
v 0.164414 0.129414 -0.172000
v -0.165000 0.128000 -0.172000
v -0.163000 0.128000 -0.170000
v -0.163000 0.130000 -0.172000
v -0.164414 0.128000 -0.170586
v -0.164155 0.129155 -0.170845
v -0.163000 0.129414 -0.170586
v -0.164414 0.129414 -0.172000
vn 0.3251 -0.3251 -0.8881
vn 0.8881 -0.3251 -0.3251
vn 0.3250 -0.8881 -0.3251
vn -0.8881 -0.3251 -0.3251
vn -0.3251 -0.3251 -0.8881
vn -0.3251 -0.8881 -0.3251
vn 0.3251 -0.8881 0.3251
vn 0.8881 -0.3251 0.3251
vn 0.3251 -0.3251 0.8881
vn -0.3251 -0.8881 0.3251
vn -0.3251 -0.3251 0.8881
vn -0.8881 -0.3251 0.3251
vn 0.3250 0.3251 -0.8881
vn 0.3251 0.8881 -0.3251
vn 0.8881 0.3251 -0.3251
vn -0.3251 0.8881 -0.3251
vn -0.3250 0.3251 -0.8881
vn -0.8881 0.3251 -0.3251
vn 0.3251 0.8881 0.3251
vn 0.3250 0.3251 0.8881
vn 0.8881 0.3251 0.3251
vn -0.8881 0.3251 0.3251
vn -0.3250 0.3251 0.8881
vn -0.3251 0.8881 0.3251
vn -0.9239 0.3827 -0.0000
vn -0.3827 0.9239 -0.0000
vn -0.9239 -0.0000 -0.3827
vn -0.3827 -0.0000 -0.9239
vn -0.0000 -0.9239 -0.3827
vn -0.0000 -0.3827 -0.9239
vn -0.0000 0.3827 0.9239
vn -0.0000 0.9239 0.3827
vn -0.0000 -0.3827 0.9239
vn -0.0000 -0.9239 0.3827
vn -0.0000 0.3827 -0.9239
vn -0.0000 0.9239 -0.3827
vn 0.9239 -0.0000 0.3827
vn 0.3827 -0.0000 0.9239
vn 0.9239 -0.3827 -0.0000
vn 0.3827 -0.9239 -0.0000
vn -0.9239 -0.0000 0.3827
vn -0.3827 -0.0000 0.9239
vn 0.9239 0.3827 -0.0000
vn 0.3827 0.9239 -0.0000
vn 0.9239 -0.0000 -0.3827
vn 0.3827 -0.0000 -0.9239
vn -0.9239 -0.3827 -0.0000
vn -0.3827 -0.9239 -0.0000
vn -0.0000 -0.0000 -1.0000
vn -0.0000 -1.0000 -0.0000
vn 1.0000 -0.0000 -0.0000
vn -1.0000 -0.0000 -0.0000
vn -0.0000 -0.0000 1.0000
vn -0.0000 1.0000 -0.0000
vt 0.623485 0.487500
vt 0.631250 0.493750
vt 0.624787 0.500000
vt 0.623485 0.500000
vt 0.637500 0.512500
vt 0.625000 0.512500
vt 0.623485 0.512500
vt 0.362500 0.512500
vt 0.368750 0.493750
vt 0.373452 0.501761
vt 0.375000 0.512500
vt 0.376515 0.487500
vt 0.376515 0.500000
vt 0.376515 0.512500
vt 0.623485 0.737500
vt 0.625000 0.737500
vt 0.626548 0.748239
vt 0.623485 0.750000
vt 0.637500 0.737500
vt 0.631250 0.756250
vt 0.623485 0.762500
vt 0.376515 0.737500
vt 0.376515 0.750000
vt 0.375213 0.750000
vt 0.375000 0.737500
vt 0.376515 0.762500
vt 0.368750 0.756250
vt 0.362500 0.737500
vt 0.623485 0.262500
vt 0.623485 0.250000
vt 0.624680 0.247359
vt 0.625000 0.262500
vt 0.623485 0.237500
vt 0.625000 0.237500
vt 0.862500 0.512500
vt 0.862500 0.500000
vt 0.869717 0.500000
vt 0.875000 0.512500
vt 0.376515 0.237500
vt 0.376515 0.250000
vt 0.375320 0.252641
vt 0.375000 0.237500
vt 0.376515 0.262500
vt 0.375000 0.262500
vt 0.137500 0.512500
vt 0.125000 0.512500
vt 0.125000 0.505283
vt 0.137500 0.500000
vt 0.623485 0.012500
vt 0.623485 0.000000
vt 0.624360 0.000000
vt 0.625000 0.012500
vt 0.623485 0.987500
vt 0.625000 0.987500
vt 0.625000 0.994717
vt 0.623485 1.000000
vt 0.862500 0.737500
vt 0.875000 0.737500
vt 0.875000 0.744717
vt 0.862500 0.750000
vt 0.137500 0.737500
vt 0.137500 0.750000
vt 0.130283 0.750000
vt 0.125000 0.737500
vt 0.376515 0.987500
vt 0.376515 1.000000
vt 0.375640 1.000000
vt 0.375000 0.987500
vt 0.376515 0.012500
vt 0.375000 0.012500
vt 0.375000 0.005283
vt 0.376515 0.000000
s 0
usemtl Material.007
f 337/433/325 340/434/325 341/435/325 343/436/325
f 338/437/326 342/438/326 341/435/326 340/434/326
f 339/439/327 343/436/327 341/435/327 342/438/327
f 344/440/328 347/441/328 348/442/328 350/443/328
f 345/444/329 349/445/329 348/442/329 347/441/329
f 346/446/330 350/443/330 348/442/330 349/445/330
f 351/447/331 354/448/331 355/449/331 357/450/331
f 352/451/332 356/452/332 355/449/332 354/448/332
f 353/453/333 357/450/333 355/449/333 356/452/333
f 358/454/334 361/455/334 362/456/334 364/457/334
f 359/458/335 363/459/335 362/456/335 361/455/335
f 360/460/336 364/457/336 362/456/336 363/459/336
f 365/461/337 368/462/337 369/463/337 371/464/337
f 366/465/338 370/466/338 369/463/338 368/462/338
f 367/467/339 371/468/339 369/469/339 370/470/339
f 372/471/340 375/472/340 376/473/340 378/474/340
f 373/475/341 377/476/341 376/473/341 375/472/341
f 374/477/342 378/478/342 376/479/342 377/480/342
f 379/481/343 382/482/343 383/483/343 385/484/343
f 380/485/344 384/486/344 383/487/344 382/488/344
f 381/489/345 385/490/345 383/491/345 384/492/345
f 386/493/346 389/494/346 390/495/346 392/496/346
f 387/497/347 391/498/347 390/499/347 389/500/347
f 388/501/348 392/502/348 390/503/348 391/504/348
f 374/477/349 386/493/349 392/496/349 378/478/349
f 378/474/350 392/502/350 388/501/350 372/471/350
f 344/440/351 374/477/351 377/480/351 347/441/351
f 347/441/352 377/476/352 373/475/352 345/444/352
f 339/439/353 346/446/353 349/445/353 343/436/353
f 343/436/354 349/445/354 345/444/354 337/433/354
f 387/497/355 380/485/355 382/488/355 391/498/355
f 391/504/356 382/482/356 379/481/356 388/501/356
f 353/453/357 359/458/357 361/455/357 357/450/357
f 357/450/358 361/455/358 358/454/358 351/447/358
f 365/461/359 373/475/359 375/472/359 368/462/359
f 368/462/360 375/472/360 372/471/360 366/465/360
f 352/451/361 381/489/361 384/492/361 356/452/361
f 356/452/362 384/486/362 380/485/362 353/453/362
f 338/437/363 352/451/363 354/448/363 342/438/363
f 342/438/364 354/448/364 351/447/364 339/439/364
f 386/493/365 360/460/365 363/459/365 389/494/365
f 389/500/366 363/459/366 359/458/366 387/497/366
f 381/489/367 367/467/367 370/470/367 385/490/367
f 385/484/368 370/466/368 366/465/368 379/481/368
f 367/467/369 338/437/369 340/434/369 371/468/369
f 371/464/370 340/434/370 337/433/370 365/461/370
f 360/460/371 344/440/371 350/443/371 364/457/371
f 364/457/372 350/443/372 346/446/372 358/454/372
f 373/475/373 365/461/373 337/433/373 345/444/373
f 346/446/374 339/439/374 351/447/374 358/454/374
f 338/437/375 367/467/375 381/489/375 352/451/375
f 374/477/376 344/440/376 360/460/376 386/493/376
f 359/458/377 353/453/377 380/485/377 387/497/377
f 388/501/378 379/481/378 366/465/378 372/471/378
o Left_Seat_Side
v 0.163000 0.402000 0.170000
v 0.165000 0.402000 0.172000
v 0.163000 0.400000 0.172000
v 0.164414 0.402000 0.170586
v 0.164155 0.400845 0.170845
v 0.164414 0.400586 0.172000
v 0.163000 0.400586 0.170586
v -0.165000 0.402000 0.172000
v -0.163000 0.402000 0.170000
v -0.163000 0.400000 0.172000
v -0.164414 0.402000 0.170586
v -0.164155 0.400845 0.170845
v -0.163000 0.400586 0.170586
v -0.164414 0.400586 0.172000
v 0.163000 0.400000 0.208000
v 0.165000 0.402000 0.208000
v 0.163000 0.402000 0.210000
v 0.164414 0.400586 0.208000
v 0.164155 0.400845 0.209155
v 0.164414 0.402000 0.209414
v 0.163000 0.400586 0.209414
v -0.163000 0.400000 0.208000
v -0.163000 0.402000 0.210000
v -0.165000 0.402000 0.208000
v -0.163000 0.400586 0.209414
v -0.164155 0.400845 0.209155
v -0.164414 0.402000 0.209414
v -0.164414 0.400586 0.208000
v 0.163000 0.438000 0.170000
v 0.163000 0.440000 0.172000
v 0.165000 0.438000 0.172000
v 0.163000 0.439414 0.170586
v 0.164155 0.439155 0.170845
v 0.164414 0.439414 0.172000
v 0.164414 0.438000 0.170586
v -0.163000 0.440000 0.172000
v -0.163000 0.438000 0.170000
v -0.165000 0.438000 0.172000
v -0.163000 0.439414 0.170586
v -0.164155 0.439155 0.170845
v -0.164414 0.438000 0.170586
v -0.164414 0.439414 0.172000
v 0.163000 0.440000 0.208000
v 0.163000 0.438000 0.210000
v 0.165000 0.438000 0.208000
v 0.163000 0.439414 0.209414
v 0.164155 0.439155 0.209155
v 0.164414 0.438000 0.209414
v 0.164414 0.439414 0.208000
v -0.165000 0.438000 0.208000
v -0.163000 0.438000 0.210000
v -0.163000 0.440000 0.208000
v -0.164414 0.438000 0.209414
v -0.164155 0.439155 0.209155
v -0.163000 0.439414 0.209414
v -0.164414 0.439414 0.208000
vn 0.3251 -0.3251 -0.8881
vn 0.8881 -0.3251 -0.3251
vn 0.3251 -0.8881 -0.3251
vn -0.8881 -0.3251 -0.3251
vn -0.3251 -0.3251 -0.8881
vn -0.3251 -0.8881 -0.3251
vn 0.3250 -0.8881 0.3251
vn 0.8881 -0.3251 0.3251
vn 0.3251 -0.3251 0.8881
vn -0.3251 -0.8881 0.3251
vn -0.3251 -0.3251 0.8881
vn -0.8881 -0.3251 0.3251
vn 0.3251 0.3251 -0.8881
vn 0.3250 0.8881 -0.3251
vn 0.8881 0.3251 -0.3251
vn -0.3251 0.8881 -0.3251
vn -0.3251 0.3251 -0.8881
vn -0.8881 0.3251 -0.3251
vn 0.3250 0.8881 0.3251
vn 0.3251 0.3251 0.8881
vn 0.8881 0.3251 0.3251
vn -0.8881 0.3251 0.3251
vn -0.3251 0.3251 0.8881
vn -0.3251 0.8881 0.3251
vn -0.9239 0.3827 -0.0000
vn -0.3827 0.9239 -0.0000
vn -0.9239 -0.0000 -0.3827
vn -0.3827 -0.0000 -0.9239
vn -0.0000 -0.9239 -0.3827
vn -0.0000 -0.3827 -0.9239
vn -0.0000 0.3827 0.9239
vn -0.0000 0.9239 0.3827
vn -0.0000 -0.3827 0.9239
vn -0.0000 -0.9239 0.3827
vn -0.0000 0.3827 -0.9239
vn -0.0000 0.9239 -0.3827
vn 0.9239 -0.0000 0.3827
vn 0.3827 -0.0000 0.9239
vn 0.9239 -0.3827 -0.0000
vn 0.3827 -0.9239 -0.0000
vn -0.9239 -0.0000 0.3827
vn -0.3827 -0.0000 0.9239
vn 0.9239 0.3827 -0.0000
vn 0.3827 0.9239 -0.0000
vn 0.9239 -0.0000 -0.3827
vn 0.3827 -0.0000 -0.9239
vn -0.9239 -0.3827 -0.0000
vn -0.3827 -0.9239 -0.0000
vn -0.0000 -0.0000 -1.0000
vn -0.0000 -1.0000 -0.0000
vn 1.0000 -0.0000 -0.0000
vn -1.0000 -0.0000 -0.0000
vn -0.0000 -0.0000 1.0000
vn -0.0000 1.0000 -0.0000
vt 0.623485 0.487500
vt 0.631250 0.493750
vt 0.624787 0.500000
vt 0.623485 0.500000
vt 0.637500 0.512500
vt 0.625000 0.512500
vt 0.623485 0.512500
vt 0.362500 0.512500
vt 0.368750 0.493750
vt 0.373452 0.501761
vt 0.375000 0.512500
vt 0.376515 0.487500
vt 0.376515 0.500000
vt 0.376515 0.512500
vt 0.623485 0.737500
vt 0.625000 0.737500
vt 0.626548 0.748239
vt 0.623485 0.750000
vt 0.637500 0.737500
vt 0.631250 0.756250
vt 0.623485 0.762500
vt 0.376515 0.737500
vt 0.376515 0.750000
vt 0.375213 0.750000
vt 0.375000 0.737500
vt 0.376515 0.762500
vt 0.368750 0.756250
vt 0.362500 0.737500
vt 0.623485 0.262500
vt 0.623485 0.250000
vt 0.624680 0.247359
vt 0.625000 0.262500
vt 0.623485 0.237500
vt 0.625000 0.237500
vt 0.862500 0.512500
vt 0.862500 0.500000
vt 0.869717 0.500000
vt 0.875000 0.512500
vt 0.376515 0.237500
vt 0.376515 0.250000
vt 0.375320 0.252642
vt 0.375000 0.237500
vt 0.376515 0.262500
vt 0.375000 0.262500
vt 0.137500 0.512500
vt 0.125000 0.512500
vt 0.125000 0.505283
vt 0.137500 0.500000
vt 0.623485 0.012500
vt 0.623485 0.000000
vt 0.624360 0.000000
vt 0.625000 0.012500
vt 0.623485 0.987500
vt 0.625000 0.987500
vt 0.625000 0.994717
vt 0.623485 1.000000
vt 0.862500 0.737500
vt 0.875000 0.737500
vt 0.875000 0.744717
vt 0.862500 0.750000
vt 0.137500 0.737500
vt 0.137500 0.750000
vt 0.130283 0.750000
vt 0.125000 0.737500
vt 0.376515 0.987500
vt 0.376515 1.000000
vt 0.375640 1.000000
vt 0.375000 0.987500
vt 0.376515 0.012500
vt 0.375000 0.012500
vt 0.375000 0.005283
vt 0.376515 0.000000
s 0
usemtl Material.008
f 393/505/379 396/506/379 397/507/379 399/508/379
f 394/509/380 398/510/380 397/507/380 396/506/380
f 395/511/381 399/508/381 397/507/381 398/510/381
f 400/512/382 403/513/382 404/514/382 406/515/382
f 401/516/383 405/517/383 404/514/383 403/513/383
f 402/518/384 406/515/384 404/514/384 405/517/384
f 407/519/385 410/520/385 411/521/385 413/522/385
f 408/523/386 412/524/386 411/521/386 410/520/386
f 409/525/387 413/522/387 411/521/387 412/524/387
f 414/526/388 417/527/388 418/528/388 420/529/388
f 415/530/389 419/531/389 418/528/389 417/527/389
f 416/532/390 420/529/390 418/528/390 419/531/390
f 421/533/391 424/534/391 425/535/391 427/536/391
f 422/537/392 426/538/392 425/535/392 424/534/392
f 423/539/393 427/540/393 425/541/393 426/542/393
f 428/543/394 431/544/394 432/545/394 434/546/394
f 429/547/395 433/548/395 432/545/395 431/544/395
f 430/549/396 434/550/396 432/551/396 433/552/396
f 435/553/397 438/554/397 439/555/397 441/556/397
f 436/557/398 440/558/398 439/559/398 438/560/398
f 437/561/399 441/562/399 439/563/399 440/564/399
f 442/565/400 445/566/400 446/567/400 448/568/400
f 443/569/401 447/570/401 446/571/401 445/572/401
f 444/573/402 448/574/402 446/575/402 447/576/402
f 430/549/403 442/565/403 448/568/403 434/550/403
f 434/546/404 448/574/404 444/573/404 428/543/404
f 400/512/405 430/549/405 433/552/405 403/513/405
f 403/513/406 433/548/406 429/547/406 401/516/406
f 395/511/407 402/518/407 405/517/407 399/508/407
f 399/508/408 405/517/408 401/516/408 393/505/408
f 443/569/409 436/557/409 438/560/409 447/570/409
f 447/576/410 438/554/410 435/553/410 444/573/410
f 409/525/411 415/530/411 417/527/411 413/522/411
f 413/522/412 417/527/412 414/526/412 407/519/412
f 421/533/413 429/547/413 431/544/413 424/534/413
f 424/534/414 431/544/414 428/543/414 422/537/414
f 408/523/415 437/561/415 440/564/415 412/524/415
f 412/524/416 440/558/416 436/557/416 409/525/416
f 394/509/417 408/523/417 410/520/417 398/510/417
f 398/510/418 410/520/418 407/519/418 395/511/418
f 442/565/419 416/532/419 419/531/419 445/566/419
f 445/572/420 419/531/420 415/530/420 443/569/420
f 437/561/421 423/539/421 426/542/421 441/562/421
f 441/556/422 426/538/422 422/537/422 435/553/422
f 423/539/423 394/509/423 396/506/423 427/540/423
f 427/536/424 396/506/424 393/505/424 421/533/424
f 416/532/425 400/512/425 406/515/425 420/529/425
f 420/529/426 406/515/426 402/518/426 414/526/426
f 429/547/427 421/533/427 393/505/427 401/516/427
f 402/518/428 395/511/428 407/519/428 414/526/428
f 394/509/429 423/539/429 437/561/429 408/523/429
f 430/549/430 400/512/430 416/532/430 442/565/430
f 415/530/431 409/525/431 436/557/431 443/569/431
f 444/573/432 435/553/432 422/537/432 428/543/432
o Side_Seat_Front
v 0.145000 0.402000 -0.168000
v 0.147000 0.402000 -0.170000
v 0.147000 0.400000 -0.168000
v 0.145586 0.402000 -0.169414
v 0.145845 0.400845 -0.169155
v 0.147000 0.400586 -0.169414
v 0.145586 0.400586 -0.168000
v 0.147000 0.402000 0.170000
v 0.145000 0.402000 0.168000
v 0.147000 0.400000 0.168000
v 0.145586 0.402000 0.169414
v 0.145845 0.400845 0.169155
v 0.145586 0.400586 0.168000
v 0.147000 0.400586 0.169414
v 0.183000 0.400000 -0.168000
v 0.183000 0.402000 -0.170000
v 0.185000 0.402000 -0.168000
v 0.183000 0.400586 -0.169414
v 0.184155 0.400845 -0.169155
v 0.184414 0.402000 -0.169414
v 0.184414 0.400586 -0.168000
v 0.183000 0.400000 0.168000
v 0.185000 0.402000 0.168000
v 0.183000 0.402000 0.170000
v 0.184414 0.400586 0.168000
v 0.184155 0.400845 0.169155
v 0.184414 0.402000 0.169414
v 0.183000 0.400586 0.169414
v 0.145000 0.438000 -0.168000
v 0.147000 0.440000 -0.168000
v 0.147000 0.438000 -0.170000
v 0.145586 0.439414 -0.168000
v 0.145845 0.439155 -0.169155
v 0.147000 0.439414 -0.169414
v 0.145586 0.438000 -0.169414
v 0.147000 0.440000 0.168000
v 0.145000 0.438000 0.168000
v 0.147000 0.438000 0.170000
v 0.145586 0.439414 0.168000
v 0.145845 0.439155 0.169155
v 0.145586 0.438000 0.169414
v 0.147000 0.439414 0.169414
v 0.183000 0.440000 -0.168000
v 0.185000 0.438000 -0.168000
v 0.183000 0.438000 -0.170000
v 0.184414 0.439414 -0.168000
v 0.184155 0.439155 -0.169155
v 0.184414 0.438000 -0.169414
v 0.183000 0.439414 -0.169414
v 0.183000 0.438000 0.170000
v 0.185000 0.438000 0.168000
v 0.183000 0.440000 0.168000
v 0.184414 0.438000 0.169414
v 0.184155 0.439155 0.169155
v 0.184414 0.439414 0.168000
v 0.183000 0.439414 0.169414
vn -0.8881 -0.3251 -0.3251
vn -0.3251 -0.3251 -0.8881
vn -0.3251 -0.8881 -0.3251
vn -0.3251 -0.3251 0.8881
vn -0.8881 -0.3251 0.3251
vn -0.3251 -0.8881 0.3251
vn 0.3251 -0.8881 -0.3251
vn 0.3251 -0.3251 -0.8881
vn 0.8881 -0.3251 -0.3251
vn 0.3251 -0.8881 0.3250
vn 0.8881 -0.3250 0.3251
vn 0.3251 -0.3251 0.8881
vn -0.8881 0.3251 -0.3251
vn -0.3251 0.8881 -0.3251
vn -0.3251 0.3251 -0.8881
vn -0.3251 0.8881 0.3251
vn -0.8881 0.3251 0.3251
vn -0.3251 0.3251 0.8881
vn 0.3251 0.8881 -0.3251
vn 0.8881 0.3251 -0.3251
vn 0.3251 0.3251 -0.8881
vn 0.3251 0.3251 0.8881
vn 0.8881 0.3251 0.3251
vn 0.3251 0.8881 0.3251
vn -0.0000 0.3827 0.9239
vn -0.0000 0.9239 0.3827
vn -0.3827 -0.0000 0.9239
vn -0.9239 -0.0000 0.3827
vn -0.3827 -0.9239 -0.0000
vn -0.9239 -0.3827 -0.0000
vn 0.9239 0.3827 -0.0000
vn 0.3827 0.9239 -0.0000
vn 0.9239 -0.3827 -0.0000
vn 0.3827 -0.9239 -0.0000
vn -0.9239 0.3827 -0.0000
vn -0.3827 0.9239 -0.0000
vn 0.3827 -0.0000 -0.9239
vn 0.9239 -0.0000 -0.3827
vn -0.0000 -0.3827 -0.9239
vn -0.0000 -0.9239 -0.3827
vn 0.3827 -0.0000 0.9239
vn 0.9239 -0.0000 0.3827
vn -0.0000 0.3827 -0.9239
vn -0.0000 0.9239 -0.3827
vn -0.3827 -0.0000 -0.9239
vn -0.9239 -0.0000 -0.3827
vn -0.0000 -0.3827 0.9239
vn -0.0000 -0.9239 0.3827
vn -1.0000 -0.0000 -0.0000
vn -0.0000 -1.0000 -0.0000
vn -0.0000 -0.0000 -1.0000
vn -0.0000 -0.0000 1.0000
vn 1.0000 -0.0000 -0.0000
vn -0.0000 1.0000 -0.0000
vt 0.623529 0.487500
vt 0.631250 0.493750
vt 0.624793 0.500000
vt 0.623529 0.500000
vt 0.637500 0.512500
vt 0.625000 0.512500
vt 0.623529 0.512500
vt 0.362500 0.512500
vt 0.368750 0.493750
vt 0.373446 0.501761
vt 0.375000 0.512500
vt 0.376471 0.487500
vt 0.376471 0.500000
vt 0.376471 0.512500
vt 0.623529 0.737500
vt 0.625000 0.737500
vt 0.626554 0.748239
vt 0.623529 0.750000
vt 0.637500 0.737500
vt 0.631250 0.756250
vt 0.623529 0.762500
vt 0.376471 0.737500
vt 0.376471 0.750000
vt 0.375207 0.750000
vt 0.375000 0.737500
vt 0.376471 0.762500
vt 0.368750 0.756250
vt 0.362500 0.737500
vt 0.623529 0.262500
vt 0.623529 0.250000
vt 0.624689 0.247358
vt 0.625000 0.262500
vt 0.623529 0.237500
vt 0.625000 0.237500
vt 0.862500 0.512500
vt 0.862500 0.500000
vt 0.869717 0.500000
vt 0.875000 0.512500
vt 0.376471 0.237500
vt 0.376471 0.250000
vt 0.375311 0.252642
vt 0.375000 0.237500
vt 0.376471 0.262500
vt 0.375000 0.262500
vt 0.137500 0.512500
vt 0.125000 0.512500
vt 0.125000 0.505283
vt 0.137500 0.500000
vt 0.623529 0.012500
vt 0.623529 0.000000
vt 0.624378 0.000000
vt 0.625000 0.012500
vt 0.623529 0.987500
vt 0.625000 0.987500
vt 0.625000 0.994717
vt 0.623529 1.000000
vt 0.862500 0.737500
vt 0.875000 0.737500
vt 0.875000 0.744717
vt 0.862500 0.750000
vt 0.137500 0.737500
vt 0.137500 0.750000
vt 0.130283 0.750000
vt 0.125000 0.737500
vt 0.376471 0.987500
vt 0.376471 1.000000
vt 0.375622 1.000000
vt 0.375000 0.987500
vt 0.376471 0.012500
vt 0.375000 0.012500
vt 0.375000 0.005283
vt 0.376471 0.000000
s 0
usemtl Material.009
f 449/577/433 452/578/433 453/579/433 455/580/433
f 450/581/434 454/582/434 453/579/434 452/578/434
f 451/583/435 455/580/435 453/579/435 454/582/435
f 456/584/436 459/585/436 460/586/436 462/587/436
f 457/588/437 461/589/437 460/586/437 459/585/437
f 458/590/438 462/587/438 460/586/438 461/589/438
f 463/591/439 466/592/439 467/593/439 469/594/439
f 464/595/440 468/596/440 467/593/440 466/592/440
f 465/597/441 469/594/441 467/593/441 468/596/441
f 470/598/442 473/599/442 474/600/442 476/601/442
f 471/602/443 475/603/443 474/600/443 473/599/443
f 472/604/444 476/601/444 474/600/444 475/603/444
f 477/605/445 480/606/445 481/607/445 483/608/445
f 478/609/446 482/610/446 481/607/446 480/606/446
f 479/611/447 483/612/447 481/613/447 482/614/447
f 484/615/448 487/616/448 488/617/448 490/618/448
f 485/619/449 489/620/449 488/617/449 487/616/449
f 486/621/450 490/622/450 488/623/450 489/624/450
f 491/625/451 494/626/451 495/627/451 497/628/451
f 492/629/452 496/630/452 495/631/452 494/632/452
f 493/633/453 497/634/453 495/635/453 496/636/453
f 498/637/454 501/638/454 502/639/454 504/640/454
f 499/641/455 503/642/455 502/643/455 501/644/455
f 500/645/456 504/646/456 502/647/456 503/648/456
f 486/621/457 498/637/457 504/640/457 490/622/457
f 490/618/458 504/646/458 500/645/458 484/615/458
f 456/584/459 486/621/459 489/624/459 459/585/459
f 459/585/460 489/620/460 485/619/460 457/588/460
f 451/583/461 458/590/461 461/589/461 455/580/461
f 455/580/462 461/589/462 457/588/462 449/577/462
f 499/641/463 492/629/463 494/632/463 503/642/463
f 503/648/464 494/626/464 491/625/464 500/645/464
f 465/597/465 471/602/465 473/599/465 469/594/465
f 469/594/466 473/599/466 470/598/466 463/591/466
f 477/605/467 485/619/467 487/616/467 480/606/467
f 480/606/468 487/616/468 484/615/468 478/609/468
f 464/595/469 493/633/469 496/636/469 468/596/469
f 468/596/470 496/630/470 492/629/470 465/597/470
f 450/581/471 464/595/471 466/592/471 454/582/471
f 454/582/472 466/592/472 463/591/472 451/583/472
f 498/637/473 472/604/473 475/603/473 501/638/473
f 501/644/474 475/603/474 471/602/474 499/641/474
f 493/633/475 479/611/475 482/614/475 497/634/475
f 497/628/476 482/610/476 478/609/476 491/625/476
f 479/611/477 450/581/477 452/578/477 483/612/477
f 483/608/478 452/578/478 449/577/478 477/605/478
f 472/604/479 456/584/479 462/587/479 476/601/479
f 476/601/480 462/587/480 458/590/480 470/598/480
f 485/619/481 477/605/481 449/577/481 457/588/481
f 458/590/482 451/583/482 463/591/482 470/598/482
f 450/581/483 479/611/483 493/633/483 464/595/483
f 486/621/484 456/584/484 472/604/484 498/637/484
f 471/602/485 465/597/485 492/629/485 499/641/485
f 500/645/486 491/625/486 478/609/486 484/615/486
o Right_Seat_Side
v 0.163000 0.402000 -0.210000
v 0.165000 0.402000 -0.208000
v 0.163000 0.400000 -0.208000
v 0.164414 0.402000 -0.209414
v 0.164155 0.400845 -0.209155
v 0.164414 0.400586 -0.208000
v 0.163000 0.400586 -0.209414
v -0.165000 0.402000 -0.208000
v -0.163000 0.402000 -0.210000
v -0.163000 0.400000 -0.208000
v -0.164414 0.402000 -0.209414
v -0.164155 0.400845 -0.209155
v -0.163000 0.400586 -0.209414
v -0.164414 0.400586 -0.208000
v 0.163000 0.400000 -0.172000
v 0.165000 0.402000 -0.172000
v 0.163000 0.402000 -0.170000
v 0.164414 0.400586 -0.172000
v 0.164155 0.400845 -0.170845
v 0.164414 0.402000 -0.170586
v 0.163000 0.400586 -0.170586
v -0.163000 0.400000 -0.172000
v -0.163000 0.402000 -0.170000
v -0.165000 0.402000 -0.172000
v -0.163000 0.400586 -0.170586
v -0.164155 0.400845 -0.170845
v -0.164414 0.402000 -0.170586
v -0.164414 0.400586 -0.172000
v 0.163000 0.438000 -0.210000
v 0.163000 0.440000 -0.208000
v 0.165000 0.438000 -0.208000
v 0.163000 0.439414 -0.209414
v 0.164155 0.439155 -0.209155
v 0.164414 0.439414 -0.208000
v 0.164414 0.438000 -0.209414
v -0.163000 0.440000 -0.208000
v -0.163000 0.438000 -0.210000
v -0.165000 0.438000 -0.208000
v -0.163000 0.439414 -0.209414
v -0.164155 0.439155 -0.209155
v -0.164414 0.438000 -0.209414
v -0.164414 0.439414 -0.208000
v 0.163000 0.440000 -0.172000
v 0.163000 0.438000 -0.170000
v 0.165000 0.438000 -0.172000
v 0.163000 0.439414 -0.170586
v 0.164155 0.439155 -0.170845
v 0.164414 0.438000 -0.170586
v 0.164414 0.439414 -0.172000
v -0.165000 0.438000 -0.172000
v -0.163000 0.438000 -0.170000
v -0.163000 0.440000 -0.172000
v -0.164414 0.438000 -0.170586
v -0.164155 0.439155 -0.170845
v -0.163000 0.439414 -0.170586
v -0.164414 0.439414 -0.172000
vn 0.3251 -0.3251 -0.8881
vn 0.8881 -0.3251 -0.3251
vn 0.3251 -0.8881 -0.3251
vn -0.8881 -0.3251 -0.3251
vn -0.3251 -0.3251 -0.8881
vn -0.3251 -0.8881 -0.3251
vn 0.3250 -0.8881 0.3251
vn 0.8881 -0.3251 0.3251
vn 0.3251 -0.3251 0.8881
vn -0.3251 -0.8881 0.3251
vn -0.3251 -0.3251 0.8881
vn -0.8881 -0.3251 0.3251
vn 0.3251 0.3251 -0.8881
vn 0.3250 0.8881 -0.3251
vn 0.8881 0.3251 -0.3251
vn -0.3251 0.8881 -0.3251
vn -0.3251 0.3251 -0.8881
vn -0.8881 0.3251 -0.3251
vn 0.3250 0.8881 0.3251
vn 0.3251 0.3251 0.8881
vn 0.8881 0.3251 0.3251
vn -0.8881 0.3251 0.3251
vn -0.3251 0.3251 0.8881
vn -0.3251 0.8881 0.3251
vn -0.9239 0.3827 -0.0000
vn -0.3827 0.9239 -0.0000
vn -0.9239 -0.0000 -0.3827
vn -0.3827 -0.0000 -0.9239
vn -0.0000 -0.9239 -0.3827
vn -0.0000 -0.3827 -0.9239
vn -0.0000 0.3827 0.9239
vn -0.0000 0.9239 0.3827
vn -0.0000 -0.3827 0.9239
vn -0.0000 -0.9239 0.3827
vn -0.0000 0.3827 -0.9239
vn -0.0000 0.9239 -0.3827
vn 0.9239 -0.0000 0.3827
vn 0.3827 -0.0000 0.9239
vn 0.9239 -0.3827 -0.0000
vn 0.3827 -0.9239 -0.0000
vn -0.9239 -0.0000 0.3827
vn -0.3827 -0.0000 0.9239
vn 0.9239 0.3827 -0.0000
vn 0.3827 0.9239 -0.0000
vn 0.9239 -0.0000 -0.3827
vn 0.3827 -0.0000 -0.9239
vn -0.9239 -0.3827 -0.0000
vn -0.3827 -0.9239 -0.0000
vn -0.0000 -0.0000 -1.0000
vn -0.0000 -1.0000 -0.0000
vn 1.0000 -0.0000 -0.0000
vn -1.0000 -0.0000 -0.0000
vn -0.0000 -0.0000 1.0000
vn -0.0000 1.0000 -0.0000
vt 0.623485 0.487500
vt 0.631250 0.493750
vt 0.624787 0.500000
vt 0.623485 0.500000
vt 0.637500 0.512500
vt 0.625000 0.512500
vt 0.623485 0.512500
vt 0.362500 0.512500
vt 0.368750 0.493750
vt 0.373452 0.501761
vt 0.375000 0.512500
vt 0.376515 0.487500
vt 0.376515 0.500000
vt 0.376515 0.512500
vt 0.623485 0.737500
vt 0.625000 0.737500
vt 0.626548 0.748239
vt 0.623485 0.750000
vt 0.637500 0.737500
vt 0.631250 0.756250
vt 0.623485 0.762500
vt 0.376515 0.737500
vt 0.376515 0.750000
vt 0.375213 0.750000
vt 0.375000 0.737500
vt 0.376515 0.762500
vt 0.368750 0.756250
vt 0.362500 0.737500
vt 0.623485 0.262500
vt 0.623485 0.250000
vt 0.624680 0.247359
vt 0.625000 0.262500
vt 0.623485 0.237500
vt 0.625000 0.237500
vt 0.862500 0.512500
vt 0.862500 0.500000
vt 0.869717 0.500000
vt 0.875000 0.512500
vt 0.376515 0.237500
vt 0.376515 0.250000
vt 0.375320 0.252642
vt 0.375000 0.237500
vt 0.376515 0.262500
vt 0.375000 0.262500
vt 0.137500 0.512500
vt 0.125000 0.512500
vt 0.125000 0.505283
vt 0.137500 0.500000
vt 0.623485 0.012500
vt 0.623485 0.000000
vt 0.624360 0.000000
vt 0.625000 0.012500
vt 0.623485 0.987500
vt 0.625000 0.987500
vt 0.625000 0.994717
vt 0.623485 1.000000
vt 0.862500 0.737500
vt 0.875000 0.737500
vt 0.875000 0.744717
vt 0.862500 0.750000
vt 0.137500 0.737500
vt 0.137500 0.750000
vt 0.130283 0.750000
vt 0.125000 0.737500
vt 0.376515 0.987500
vt 0.376515 1.000000
vt 0.375640 1.000000
vt 0.375000 0.987500
vt 0.376515 0.012500
vt 0.375000 0.012500
vt 0.375000 0.005283
vt 0.376515 0.000000
s 0
usemtl Material.010
f 505/649/487 508/650/487 509/651/487 511/652/487
f 506/653/488 510/654/488 509/651/488 508/650/488
f 507/655/489 511/652/489 509/651/489 510/654/489
f 512/656/490 515/657/490 516/658/490 518/659/490
f 513/660/491 517/661/491 516/658/491 515/657/491
f 514/662/492 518/659/492 516/658/492 517/661/492
f 519/663/493 522/664/493 523/665/493 525/666/493
f 520/667/494 524/668/494 523/665/494 522/664/494
f 521/669/495 525/666/495 523/665/495 524/668/495
f 526/670/496 529/671/496 530/672/496 532/673/496
f 527/674/497 531/675/497 530/672/497 529/671/497
f 528/676/498 532/673/498 530/672/498 531/675/498
f 533/677/499 536/678/499 537/679/499 539/680/499
f 534/681/500 538/682/500 537/679/500 536/678/500
f 535/683/501 539/684/501 537/685/501 538/686/501
f 540/687/502 543/688/502 544/689/502 546/690/502
f 541/691/503 545/692/503 544/689/503 543/688/503
f 542/693/504 546/694/504 544/695/504 545/696/504
f 547/697/505 550/698/505 551/699/505 553/700/505
f 548/701/506 552/702/506 551/703/506 550/704/506
f 549/705/507 553/706/507 551/707/507 552/708/507
f 554/709/508 557/710/508 558/711/508 560/712/508
f 555/713/509 559/714/509 558/715/509 557/716/509
f 556/717/510 560/718/510 558/719/510 559/720/510
f 542/693/511 554/709/511 560/712/511 546/694/511
f 546/690/512 560/718/512 556/717/512 540/687/512
f 512/656/513 542/693/513 545/696/513 515/657/513
f 515/657/514 545/692/514 541/691/514 513/660/514
f 507/655/515 514/662/515 517/661/515 511/652/515
f 511/652/516 517/661/516 513/660/516 505/649/516
f 555/713/517 548/701/517 550/704/517 559/714/517
f 559/720/518 550/698/518 547/697/518 556/717/518
f 521/669/519 527/674/519 529/671/519 525/666/519
f 525/666/520 529/671/520 526/670/520 519/663/520
f 533/677/521 541/691/521 543/688/521 536/678/521
f 536/678/522 543/688/522 540/687/522 534/681/522
f 520/667/523 549/705/523 552/708/523 524/668/523
f 524/668/524 552/702/524 548/701/524 521/669/524
f 506/653/525 520/667/525 522/664/525 510/654/525
f 510/654/526 522/664/526 519/663/526 507/655/526
f 554/709/527 528/676/527 531/675/527 557/710/527
f 557/716/528 531/675/528 527/674/528 555/713/528
f 549/705/529 535/683/529 538/686/529 553/706/529
f 553/700/530 538/682/530 534/681/530 547/697/530
f 535/683/531 506/653/531 508/650/531 539/684/531
f 539/680/532 508/650/532 505/649/532 533/677/532
f 528/676/533 512/656/533 518/659/533 532/673/533
f 532/673/534 518/659/534 514/662/534 526/670/534
f 541/691/535 533/677/535 505/649/535 513/660/535
f 514/662/536 507/655/536 519/663/536 526/670/536
f 506/653/537 535/683/537 549/705/537 520/667/537
f 542/693/538 512/656/538 528/676/538 554/709/538
f 527/674/539 521/669/539 548/701/539 555/713/539
f 556/717/540 547/697/540 534/681/540 540/687/540
o Side_Seat_Back
v -0.185000 0.402000 -0.168000
v -0.183000 0.402000 -0.170000
v -0.183000 0.400000 -0.168000
v -0.184414 0.402000 -0.169414
v -0.184155 0.400845 -0.169155
v -0.183000 0.400586 -0.169414
v -0.184414 0.400586 -0.168000
v -0.183000 0.402000 0.170000
v -0.185000 0.402000 0.168000
v -0.183000 0.400000 0.168000
v -0.184414 0.402000 0.169414
v -0.184155 0.400845 0.169155
v -0.184414 0.400586 0.168000
v -0.183000 0.400586 0.169414
v -0.147000 0.400000 -0.168000
v -0.147000 0.402000 -0.170000
v -0.145000 0.402000 -0.168000
v -0.147000 0.400586 -0.169414
v -0.145845 0.400845 -0.169155
v -0.145586 0.402000 -0.169414
v -0.145586 0.400586 -0.168000
v -0.147000 0.400000 0.168000
v -0.145000 0.402000 0.168000
v -0.147000 0.402000 0.170000
v -0.145586 0.400586 0.168000
v -0.145845 0.400845 0.169155
v -0.145586 0.402000 0.169414
v -0.147000 0.400586 0.169414
v -0.185000 0.438000 -0.168000
v -0.183000 0.440000 -0.168000
v -0.183000 0.438000 -0.170000
v -0.184414 0.439414 -0.168000
v -0.184155 0.439155 -0.169155
v -0.183000 0.439414 -0.169414
v -0.184414 0.438000 -0.169414
v -0.183000 0.440000 0.168000
v -0.185000 0.438000 0.168000
v -0.183000 0.438000 0.170000
v -0.184414 0.439414 0.168000
v -0.184155 0.439155 0.169155
v -0.184414 0.438000 0.169414
v -0.183000 0.439414 0.169414
v -0.147000 0.440000 -0.168000
v -0.145000 0.438000 -0.168000
v -0.147000 0.438000 -0.170000
v -0.145586 0.439414 -0.168000
v -0.145845 0.439155 -0.169155
v -0.145586 0.438000 -0.169414
v -0.147000 0.439414 -0.169414
v -0.147000 0.438000 0.170000
v -0.145000 0.438000 0.168000
v -0.147000 0.440000 0.168000
v -0.145586 0.438000 0.169414
v -0.145845 0.439155 0.169155
v -0.145586 0.439414 0.168000
v -0.147000 0.439414 0.169414
vn -0.8881 -0.3250 -0.3251
vn -0.3251 -0.3251 -0.8881
vn -0.3251 -0.8881 -0.3251
vn -0.3251 -0.3251 0.8881
vn -0.8881 -0.3251 0.3251
vn -0.3251 -0.8881 0.3251
vn 0.3251 -0.8881 -0.3251
vn 0.3251 -0.3251 -0.8881
vn 0.8881 -0.3251 -0.3251
vn 0.3251 -0.8881 0.3251
vn 0.8881 -0.3251 0.3251
vn 0.3251 -0.3251 0.8881
vn -0.8881 0.3250 -0.3251
vn -0.3251 0.8881 -0.3251
vn -0.3251 0.3251 -0.8881
vn -0.3251 0.8881 0.3251
vn -0.8881 0.3251 0.3251
vn -0.3251 0.3251 0.8881
vn 0.3251 0.8881 -0.3251
vn 0.8881 0.3251 -0.3251
vn 0.3251 0.3251 -0.8881
vn 0.3251 0.3251 0.8881
vn 0.8881 0.3251 0.3251
vn 0.3251 0.8881 0.3251
vn -0.0000 0.3827 0.9239
vn -0.0000 0.9239 0.3827
vn -0.3827 -0.0000 0.9239
vn -0.9239 -0.0000 0.3827
vn -0.3827 -0.9239 -0.0000
vn -0.9239 -0.3827 -0.0000
vn 0.9239 0.3827 -0.0000
vn 0.3827 0.9239 -0.0000
vn 0.9239 -0.3827 -0.0000
vn 0.3827 -0.9239 -0.0000
vn -0.9239 0.3827 -0.0000
vn -0.3827 0.9239 -0.0000
vn 0.3827 -0.0000 -0.9239
vn 0.9239 -0.0000 -0.3827
vn -0.0000 -0.3827 -0.9239
vn -0.0000 -0.9239 -0.3827
vn 0.3827 -0.0000 0.9239
vn 0.9239 -0.0000 0.3827
vn -0.0000 0.3827 -0.9239
vn -0.0000 0.9239 -0.3827
vn -0.3827 -0.0000 -0.9239
vn -0.9239 -0.0000 -0.3827
vn -0.0000 -0.3827 0.9239
vn -0.0000 -0.9239 0.3827
vn -1.0000 -0.0000 -0.0000
vn -0.0000 -1.0000 -0.0000
vn -0.0000 -0.0000 -1.0000
vn -0.0000 -0.0000 1.0000
vn 1.0000 -0.0000 -0.0000
vn -0.0000 1.0000 -0.0000
vt 0.623529 0.487500
vt 0.631250 0.493750
vt 0.624793 0.500000
vt 0.623529 0.500000
vt 0.637500 0.512500
vt 0.625000 0.512500
vt 0.623529 0.512500
vt 0.362500 0.512500
vt 0.368750 0.493750
vt 0.373446 0.501761
vt 0.375000 0.512500
vt 0.376471 0.487500
vt 0.376471 0.500000
vt 0.376471 0.512500
vt 0.623529 0.737500
vt 0.625000 0.737500
vt 0.626554 0.748239
vt 0.623529 0.750000
vt 0.637500 0.737500
vt 0.631250 0.756250
vt 0.623529 0.762500
vt 0.376471 0.737500
vt 0.376471 0.750000
vt 0.375207 0.750000
vt 0.375000 0.737500
vt 0.376471 0.762500
vt 0.368750 0.756250
vt 0.362500 0.737500
vt 0.623529 0.262500
vt 0.623529 0.250000
vt 0.624689 0.247359
vt 0.625000 0.262500
vt 0.623529 0.237500
vt 0.625000 0.237500
vt 0.862500 0.512500
vt 0.862500 0.500000
vt 0.869717 0.500000
vt 0.875000 0.512500
vt 0.376471 0.237500
vt 0.376471 0.250000
vt 0.375311 0.252642
vt 0.375000 0.237500
vt 0.376471 0.262500
vt 0.375000 0.262500
vt 0.137500 0.512500
vt 0.125000 0.512500
vt 0.125000 0.505283
vt 0.137500 0.500000
vt 0.623529 0.012500
vt 0.623529 0.000000
vt 0.624378 0.000000
vt 0.625000 0.012500
vt 0.623529 0.987500
vt 0.625000 0.987500
vt 0.625000 0.994717
vt 0.623529 1.000000
vt 0.862500 0.737500
vt 0.875000 0.737500
vt 0.875000 0.744717
vt 0.862500 0.750000
vt 0.137500 0.737500
vt 0.137500 0.750000
vt 0.130283 0.750000
vt 0.125000 0.737500
vt 0.376471 0.987500
vt 0.376471 1.000000
vt 0.375622 1.000000
vt 0.375000 0.987500
vt 0.376471 0.012500
vt 0.375000 0.012500
vt 0.375000 0.005283
vt 0.376471 0.000000
s 0
usemtl Material.011
f 561/721/541 564/722/541 565/723/541 567/724/541
f 562/725/542 566/726/542 565/723/542 564/722/542
f 563/727/543 567/724/543 565/723/543 566/726/543
f 568/728/544 571/729/544 572/730/544 574/731/544
f 569/732/545 573/733/545 572/730/545 571/729/545
f 570/734/546 574/731/546 572/730/546 573/733/546
f 575/735/547 578/736/547 579/737/547 581/738/547
f 576/739/548 580/740/548 579/737/548 578/736/548
f 577/741/549 581/738/549 579/737/549 580/740/549
f 582/742/550 585/743/550 586/744/550 588/745/550
f 583/746/551 587/747/551 586/744/551 585/743/551
f 584/748/552 588/745/552 586/744/552 587/747/552
f 589/749/553 592/750/553 593/751/553 595/752/553
f 590/753/554 594/754/554 593/751/554 592/750/554
f 591/755/555 595/756/555 593/757/555 594/758/555
f 596/759/556 599/760/556 600/761/556 602/762/556
f 597/763/557 601/764/557 600/761/557 599/760/557
f 598/765/558 602/766/558 600/767/558 601/768/558
f 603/769/559 606/770/559 607/771/559 609/772/559
f 604/773/560 608/774/560 607/775/560 606/776/560
f 605/777/561 609/778/561 607/779/561 608/780/561
f 610/781/562 613/782/562 614/783/562 616/784/562
f 611/785/563 615/786/563 614/787/563 613/788/563
f 612/789/564 616/790/564 614/791/564 615/792/564
f 598/765/565 610/781/565 616/784/565 602/766/565
f 602/762/566 616/790/566 612/789/566 596/759/566
f 568/728/567 598/765/567 601/768/567 571/729/567
f 571/729/568 601/764/568 597/763/568 569/732/568
f 563/727/569 570/734/569 573/733/569 567/724/569
f 567/724/570 573/733/570 569/732/570 561/721/570
f 611/785/571 604/773/571 606/776/571 615/786/571
f 615/792/572 606/770/572 603/769/572 612/789/572
f 577/741/573 583/746/573 585/743/573 581/738/573
f 581/738/574 585/743/574 582/742/574 575/735/574
f 589/749/575 597/763/575 599/760/575 592/750/575
f 592/750/576 599/760/576 596/759/576 590/753/576
f 576/739/577 605/777/577 608/780/577 580/740/577
f 580/740/578 608/774/578 604/773/578 577/741/578
f 562/725/579 576/739/579 578/736/579 566/726/579
f 566/726/580 578/736/580 575/735/580 563/727/580
f 610/781/581 584/748/581 587/747/581 613/782/581
f 613/788/582 587/747/582 583/746/582 611/785/582
f 605/777/583 591/755/583 594/758/583 609/778/583
f 609/772/584 594/754/584 590/753/584 603/769/584
f 591/755/585 562/725/585 564/722/585 595/756/585
f 595/752/586 564/722/586 561/721/586 589/749/586
f 584/748/587 568/728/587 574/731/587 588/745/587
f 588/745/588 574/731/588 570/734/588 582/742/588
f 597/763/589 589/749/589 561/721/589 569/732/589
f 570/734/590 563/727/590 575/735/590 582/742/590
f 562/725/591 591/755/591 605/777/591 576/739/591
f 598/765/592 568/728/592 584/748/592 610/781/592
f 583/746/593 577/741/593 604/773/593 611/785/593
f 612/789/594 603/769/594 590/753/594 596/759/594
o Back_Rest_Bottom
v -0.185000 0.572000 -0.168000
v -0.183000 0.572000 -0.170000
v -0.183000 0.570000 -0.168000
v -0.184414 0.572000 -0.169414
v -0.184155 0.570845 -0.169155
v -0.183000 0.570586 -0.169414
v -0.184414 0.570586 -0.168000
v -0.183000 0.572000 0.170000
v -0.185000 0.572000 0.168000
v -0.183000 0.570000 0.168000
v -0.184414 0.572000 0.169414
v -0.184155 0.570845 0.169155
v -0.184414 0.570586 0.168000
v -0.183000 0.570586 0.169414
v -0.147000 0.570000 -0.168000
v -0.147000 0.572000 -0.170000
v -0.145000 0.572000 -0.168000
v -0.147000 0.570586 -0.169414
v -0.145845 0.570845 -0.169155
v -0.145586 0.572000 -0.169414
v -0.145586 0.570586 -0.168000
v -0.147000 0.570000 0.168000
v -0.145000 0.572000 0.168000
v -0.147000 0.572000 0.170000
v -0.145586 0.570586 0.168000
v -0.145845 0.570845 0.169155
v -0.145586 0.572000 0.169414
v -0.147000 0.570586 0.169414
v -0.185000 0.608000 -0.168000
v -0.183000 0.610000 -0.168000
v -0.183000 0.608000 -0.170000
v -0.184414 0.609414 -0.168000
v -0.184155 0.609155 -0.169155
v -0.183000 0.609414 -0.169414
v -0.184414 0.608000 -0.169414
v -0.183000 0.610000 0.168000
v -0.185000 0.608000 0.168000
v -0.183000 0.608000 0.170000
v -0.184414 0.609414 0.168000
v -0.184155 0.609155 0.169155
v -0.184414 0.608000 0.169414
v -0.183000 0.609414 0.169414
v -0.147000 0.610000 -0.168000
v -0.145000 0.608000 -0.168000
v -0.147000 0.608000 -0.170000
v -0.145586 0.609414 -0.168000
v -0.145845 0.609155 -0.169155
v -0.145586 0.608000 -0.169414
v -0.147000 0.609414 -0.169414
v -0.147000 0.608000 0.170000
v -0.145000 0.608000 0.168000
v -0.147000 0.610000 0.168000
v -0.145586 0.608000 0.169414
v -0.145845 0.609155 0.169155
v -0.145586 0.609414 0.168000
v -0.147000 0.609414 0.169414
vn -0.8881 -0.3251 -0.3251
vn -0.3251 -0.3251 -0.8881
vn -0.3251 -0.8881 -0.3251
vn -0.3251 -0.3251 0.8881
vn -0.8881 -0.3251 0.3251
vn -0.3251 -0.8881 0.3251
vn 0.3251 -0.8881 -0.3251
vn 0.3251 -0.3251 -0.8881
vn 0.8881 -0.3251 -0.3251
vn 0.3251 -0.8881 0.3251
vn 0.8881 -0.3251 0.3251
vn 0.3251 -0.3251 0.8881
vn -0.8881 0.3251 -0.3251
vn -0.3251 0.8881 -0.3250
vn -0.3250 0.3251 -0.8881
vn -0.3251 0.8881 0.3250
vn -0.8881 0.3251 0.3251
vn -0.3250 0.3251 0.8881
vn 0.3251 0.8881 -0.3250
vn 0.8881 0.3251 -0.3251
vn 0.3250 0.3251 -0.8881
vn 0.3250 0.3251 0.8881
vn 0.8881 0.3251 0.3251
vn 0.3251 0.8881 0.3250
vn -0.0000 0.3827 0.9239
vn -0.0000 0.9239 0.3827
vn -0.3827 -0.0000 0.9239
vn -0.9239 -0.0000 0.3827
vn -0.3827 -0.9239 -0.0000
vn -0.9239 -0.3827 -0.0000
vn 0.9239 0.3827 -0.0000
vn 0.3826 0.9239 -0.0000
vn 0.9239 -0.3827 -0.0000
vn 0.3827 -0.9239 -0.0000
vn -0.9239 0.3827 -0.0000
vn -0.3826 0.9239 -0.0000
vn 0.3827 -0.0000 -0.9239
vn 0.9239 -0.0000 -0.3827
vn -0.0000 -0.3827 -0.9239
vn -0.0000 -0.9239 -0.3827
vn 0.3827 -0.0000 0.9239
vn 0.9239 -0.0000 0.3827
vn -0.0000 0.3827 -0.9239
vn -0.0000 0.9239 -0.3827
vn -0.3827 -0.0000 -0.9239
vn -0.9239 -0.0000 -0.3827
vn -0.0000 -0.3827 0.9239
vn -0.0000 -0.9239 0.3827
vn -1.0000 -0.0000 -0.0000
vn -0.0000 -1.0000 -0.0000
vn -0.0000 -0.0000 -1.0000
vn -0.0000 -0.0000 1.0000
vn 1.0000 -0.0000 -0.0000
vn -0.0000 1.0000 -0.0000
vt 0.623529 0.487500
vt 0.631250 0.493750
vt 0.624793 0.500000
vt 0.623529 0.500000
vt 0.637500 0.512500
vt 0.625000 0.512500
vt 0.623529 0.512500
vt 0.362500 0.512500
vt 0.368750 0.493750
vt 0.373446 0.501761
vt 0.375000 0.512500
vt 0.376471 0.487500
vt 0.376471 0.500000
vt 0.376471 0.512500
vt 0.623529 0.737500
vt 0.625000 0.737500
vt 0.626554 0.748239
vt 0.623529 0.750000
vt 0.637500 0.737500
vt 0.631250 0.756250
vt 0.623529 0.762500
vt 0.376471 0.737500
vt 0.376471 0.750000
vt 0.375207 0.750000
vt 0.375000 0.737500
vt 0.376471 0.762500
vt 0.368750 0.756250
vt 0.362500 0.737500
vt 0.623529 0.262500
vt 0.623529 0.250000
vt 0.624689 0.247359
vt 0.625000 0.262499
vt 0.623529 0.237500
vt 0.625000 0.237500
vt 0.862500 0.512500
vt 0.862500 0.500000
vt 0.869717 0.500000
vt 0.875000 0.512500
vt 0.376471 0.237500
vt 0.376471 0.250000
vt 0.375311 0.252641
vt 0.375000 0.237500
vt 0.376471 0.262500
vt 0.375000 0.262499
vt 0.137500 0.512500
vt 0.125000 0.512500
vt 0.125000 0.505283
vt 0.137499 0.500000
vt 0.623529 0.012500
vt 0.623529 0.000000
vt 0.624378 0.000000
vt 0.625000 0.012500
vt 0.623529 0.987500
vt 0.625000 0.987501
vt 0.625000 0.994717
vt 0.623529 1.000000
vt 0.862500 0.737500
vt 0.875000 0.737500
vt 0.875000 0.744717
vt 0.862500 0.750000
vt 0.137500 0.737500
vt 0.137499 0.750000
vt 0.130283 0.750000
vt 0.125000 0.737500
vt 0.376471 0.987500
vt 0.376471 1.000000
vt 0.375622 1.000000
vt 0.375000 0.987500
vt 0.376471 0.012500
vt 0.375000 0.012500
vt 0.375000 0.005283
vt 0.376471 0.000000
s 0
usemtl Material.012
f 617/793/595 620/794/595 621/795/595 623/796/595
f 618/797/596 622/798/596 621/795/596 620/794/596
f 619/799/597 623/796/597 621/795/597 622/798/597
f 624/800/598 627/801/598 628/802/598 630/803/598
f 625/804/599 629/805/599 628/802/599 627/801/599
f 626/806/600 630/803/600 628/802/600 629/805/600
f 631/807/601 634/808/601 635/809/601 637/810/601
f 632/811/602 636/812/602 635/809/602 634/808/602
f 633/813/603 637/810/603 635/809/603 636/812/603
f 638/814/604 641/815/604 642/816/604 644/817/604
f 639/818/605 643/819/605 642/816/605 641/815/605
f 640/820/606 644/817/606 642/816/606 643/819/606
f 645/821/607 648/822/607 649/823/607 651/824/607
f 646/825/608 650/826/608 649/823/608 648/822/608
f 647/827/609 651/828/609 649/829/609 650/830/609
f 652/831/610 655/832/610 656/833/610 658/834/610
f 653/835/611 657/836/611 656/833/611 655/832/611
f 654/837/612 658/838/612 656/839/612 657/840/612
f 659/841/613 662/842/613 663/843/613 665/844/613
f 660/845/614 664/846/614 663/847/614 662/848/614
f 661/849/615 665/850/615 663/851/615 664/852/615
f 666/853/616 669/854/616 670/855/616 672/856/616
f 667/857/617 671/858/617 670/859/617 669/860/617
f 668/861/618 672/862/618 670/863/618 671/864/618
f 654/837/619 666/853/619 672/856/619 658/838/619
f 658/834/620 672/862/620 668/861/620 652/831/620
f 624/800/621 654/837/621 657/840/621 627/801/621
f 627/801/622 657/836/622 653/835/622 625/804/622
f 619/799/623 626/806/623 629/805/623 623/796/623
f 623/796/624 629/805/624 625/804/624 617/793/624
f 667/857/625 660/845/625 662/848/625 671/858/625
f 671/864/626 662/842/626 659/841/626 668/861/626
f 633/813/627 639/818/627 641/815/627 637/810/627
f 637/810/628 641/815/628 638/814/628 631/807/628
f 645/821/629 653/835/629 655/832/629 648/822/629
f 648/822/630 655/832/630 652/831/630 646/825/630
f 632/811/631 661/849/631 664/852/631 636/812/631
f 636/812/632 664/846/632 660/845/632 633/813/632
f 618/797/633 632/811/633 634/808/633 622/798/633
f 622/798/634 634/808/634 631/807/634 619/799/634
f 666/853/635 640/820/635 643/819/635 669/854/635
f 669/860/636 643/819/636 639/818/636 667/857/636
f 661/849/637 647/827/637 650/830/637 665/850/637
f 665/844/638 650/826/638 646/825/638 659/841/638
f 647/827/639 618/797/639 620/794/639 651/828/639
f 651/824/640 620/794/640 617/793/640 645/821/640
f 640/820/641 624/800/641 630/803/641 644/817/641
f 644/817/642 630/803/642 626/806/642 638/814/642
f 653/835/643 645/821/643 617/793/643 625/804/643
f 626/806/644 619/799/644 631/807/644 638/814/644
f 618/797/645 647/827/645 661/849/645 632/811/645
f 654/837/646 624/800/646 640/820/646 666/853/646
f 639/818/647 633/813/647 660/845/647 667/857/647
f 668/861/648 659/841/648 646/825/648 652/831/648
o Back_Rest_Top
v -0.185000 0.852000 -0.168000
v -0.183000 0.852000 -0.170000
v -0.183000 0.850000 -0.168000
v -0.184414 0.852000 -0.169414
v -0.184155 0.850845 -0.169155
v -0.183000 0.850586 -0.169414
v -0.184414 0.850586 -0.168000
v -0.183000 0.852000 0.170000
v -0.185000 0.852000 0.168000
v -0.183000 0.850000 0.168000
v -0.184414 0.852000 0.169414
v -0.184155 0.850845 0.169155
v -0.184414 0.850586 0.168000
v -0.183000 0.850586 0.169414
v -0.147000 0.850000 -0.168000
v -0.147000 0.852000 -0.170000
v -0.145000 0.852000 -0.168000
v -0.147000 0.850586 -0.169414
v -0.145845 0.850845 -0.169155
v -0.145586 0.852000 -0.169414
v -0.145586 0.850586 -0.168000
v -0.147000 0.850000 0.168000
v -0.145000 0.852000 0.168000
v -0.147000 0.852000 0.170000
v -0.145586 0.850586 0.168000
v -0.145845 0.850845 0.169155
v -0.145586 0.852000 0.169414
v -0.147000 0.850586 0.169414
v -0.185000 0.888000 -0.168000
v -0.183000 0.890000 -0.168000
v -0.183000 0.888000 -0.170000
v -0.184414 0.889414 -0.168000
v -0.184155 0.889155 -0.169155
v -0.183000 0.889414 -0.169414
v -0.184414 0.888000 -0.169414
v -0.183000 0.890000 0.168000
v -0.185000 0.888000 0.168000
v -0.183000 0.888000 0.170000
v -0.184414 0.889414 0.168000
v -0.184155 0.889155 0.169155
v -0.184414 0.888000 0.169414
v -0.183000 0.889414 0.169414
v -0.147000 0.890000 -0.168000
v -0.145000 0.888000 -0.168000
v -0.147000 0.888000 -0.170000
v -0.145586 0.889414 -0.168000
v -0.145845 0.889155 -0.169155
v -0.145586 0.888000 -0.169414
v -0.147000 0.889414 -0.169414
v -0.147000 0.888000 0.170000
v -0.145000 0.888000 0.168000
v -0.147000 0.890000 0.168000
v -0.145586 0.888000 0.169414
v -0.145845 0.889155 0.169155
v -0.145586 0.889414 0.168000
v -0.147000 0.889414 0.169414
vn -0.8881 -0.3250 -0.3251
vn -0.3251 -0.3251 -0.8881
vn -0.3250 -0.8881 -0.3250
vn -0.3251 -0.3251 0.8881
vn -0.8881 -0.3250 0.3250
vn -0.3250 -0.8881 0.3250
vn 0.3250 -0.8881 -0.3250
vn 0.3251 -0.3251 -0.8881
vn 0.8881 -0.3250 -0.3250
vn 0.3250 -0.8881 0.3250
vn 0.8881 -0.3250 0.3250
vn 0.3251 -0.3251 0.8881
vn -0.8881 0.3251 -0.3251
vn -0.3250 0.8881 -0.3251
vn -0.3250 0.3251 -0.8881
vn -0.3251 0.8881 0.3251
vn -0.8881 0.3251 0.3251
vn -0.3250 0.3251 0.8881
vn 0.3251 0.8881 -0.3251
vn 0.8881 0.3251 -0.3251
vn 0.3250 0.3251 -0.8881
vn 0.3250 0.3251 0.8881
vn 0.8881 0.3251 0.3251
vn 0.3250 0.8881 0.3251
vn -0.0000 0.3827 0.9239
vn -0.0000 0.9239 0.3827
vn -0.3827 -0.0000 0.9239
vn -0.9239 -0.0000 0.3827
vn -0.3826 -0.9239 -0.0000
vn -0.9239 -0.3827 -0.0000
vn 0.9239 0.3827 -0.0000
vn 0.3828 0.9238 -0.0000
vn 0.9239 -0.3827 -0.0000
vn 0.3826 -0.9239 -0.0000
vn -0.9239 0.3827 -0.0000
vn -0.3828 0.9238 -0.0000
vn 0.3827 -0.0000 -0.9239
vn 0.9239 -0.0000 -0.3827
vn -0.0000 -0.3827 -0.9239
vn -0.0000 -0.9239 -0.3827
vn 0.3827 -0.0000 0.9239
vn 0.9239 -0.0000 0.3827
vn -0.0000 0.3827 -0.9239
vn -0.0000 0.9239 -0.3827
vn -0.3827 -0.0000 -0.9239
vn -0.9239 -0.0000 -0.3827
vn -0.0000 -0.3827 0.9239
vn -0.0000 -0.9239 0.3827
vn -1.0000 -0.0000 -0.0000
vn -0.0000 -1.0000 -0.0000
vn -0.0000 -0.0000 -1.0000
vn -0.0000 -0.0000 1.0000
vn 1.0000 -0.0000 -0.0000
vn -0.0000 1.0000 -0.0000
vt 0.623529 0.487500
vt 0.631250 0.493750
vt 0.624793 0.500000
vt 0.623529 0.500000
vt 0.637500 0.512500
vt 0.625000 0.512500
vt 0.623529 0.512500
vt 0.362500 0.512500
vt 0.368750 0.493750
vt 0.373446 0.501761
vt 0.375000 0.512500
vt 0.376471 0.487500
vt 0.376471 0.500000
vt 0.376471 0.512500
vt 0.623529 0.737500
vt 0.625000 0.737500
vt 0.626554 0.748239
vt 0.623529 0.750000
vt 0.637500 0.737500
vt 0.631250 0.756250
vt 0.623529 0.762500
vt 0.376471 0.737500
vt 0.376471 0.750000
vt 0.375207 0.750000
vt 0.375000 0.737500
vt 0.376471 0.762500
vt 0.368750 0.756250
vt 0.362500 0.737500
vt 0.623529 0.262500
vt 0.623529 0.250000
vt 0.624689 0.247359
vt 0.625000 0.262500
vt 0.623529 0.237500
vt 0.625000 0.237500
vt 0.862500 0.512500
vt 0.862500 0.500000
vt 0.869716 0.500000
vt 0.875000 0.512500
vt 0.376471 0.237500
vt 0.376471 0.250000
vt 0.375311 0.252642
vt 0.375000 0.237500
vt 0.376471 0.262500
vt 0.375000 0.262500
vt 0.137500 0.512500
vt 0.125000 0.512500
vt 0.125000 0.505283
vt 0.137500 0.500000
vt 0.623529 0.012500
vt 0.623529 0.000000
vt 0.624378 0.000000
vt 0.625000 0.012500
vt 0.623529 0.987500
vt 0.625000 0.987500
vt 0.625000 0.994716
vt 0.623529 1.000000
vt 0.862500 0.737500
vt 0.875000 0.737500
vt 0.875000 0.744717
vt 0.862500 0.750000
vt 0.137500 0.737500
vt 0.137500 0.750000
vt 0.130284 0.750000
vt 0.125000 0.737500
vt 0.376471 0.987500
vt 0.376471 1.000000
vt 0.375622 1.000000
vt 0.375000 0.987500
vt 0.376471 0.012500
vt 0.375000 0.012500
vt 0.375000 0.005283
vt 0.376471 0.000000
s 0
usemtl Material.013
f 673/865/649 676/866/649 677/867/649 679/868/649
f 674/869/650 678/870/650 677/867/650 676/866/650
f 675/871/651 679/868/651 677/867/651 678/870/651
f 680/872/652 683/873/652 684/874/652 686/875/652
f 681/876/653 685/877/653 684/874/653 683/873/653
f 682/878/654 686/875/654 684/874/654 685/877/654
f 687/879/655 690/880/655 691/881/655 693/882/655
f 688/883/656 692/884/656 691/881/656 690/880/656
f 689/885/657 693/882/657 691/881/657 692/884/657
f 694/886/658 697/887/658 698/888/658 700/889/658
f 695/890/659 699/891/659 698/888/659 697/887/659
f 696/892/660 700/889/660 698/888/660 699/891/660
f 701/893/661 704/894/661 705/895/661 707/896/661
f 702/897/662 706/898/662 705/895/662 704/894/662
f 703/899/663 707/900/663 705/901/663 706/902/663
f 708/903/664 711/904/664 712/905/664 714/906/664
f 709/907/665 713/908/665 712/905/665 711/904/665
f 710/909/666 714/910/666 712/911/666 713/912/666
f 715/913/667 718/914/667 719/915/667 721/916/667
f 716/917/668 720/918/668 719/919/668 718/920/668
f 717/921/669 721/922/669 719/923/669 720/924/669
f 722/925/670 725/926/670 726/927/670 728/928/670
f 723/929/671 727/930/671 726/931/671 725/932/671
f 724/933/672 728/934/672 726/935/672 727/936/672
f 710/909/673 722/925/673 728/928/673 714/910/673
f 714/906/674 728/934/674 724/933/674 708/903/674
f 680/872/675 710/909/675 713/912/675 683/873/675
f 683/873/676 713/908/676 709/907/676 681/876/676
f 675/871/677 682/878/677 685/877/677 679/868/677
f 679/868/678 685/877/678 681/876/678 673/865/678
f 723/929/679 716/917/679 718/920/679 727/930/679
f 727/936/680 718/914/680 715/913/680 724/933/680
f 689/885/681 695/890/681 697/887/681 693/882/681
f 693/882/682 697/887/682 694/886/682 687/879/682
f 701/893/683 709/907/683 711/904/683 704/894/683
f 704/894/684 711/904/684 708/903/684 702/897/684
f 688/883/685 717/921/685 720/924/685 692/884/685
f 692/884/686 720/918/686 716/917/686 689/885/686
f 674/869/687 688/883/687 690/880/687 678/870/687
f 678/870/688 690/880/688 687/879/688 675/871/688
f 722/925/689 696/892/689 699/891/689 725/926/689
f 725/932/690 699/891/690 695/890/690 723/929/690
f 717/921/691 703/899/691 706/902/691 721/922/691
f 721/916/692 706/898/692 702/897/692 715/913/692
f 703/899/693 674/869/693 676/866/693 707/900/693
f 707/896/694 676/866/694 673/865/694 701/893/694
f 696/892/695 680/872/695 686/875/695 700/889/695
f 700/889/696 686/875/696 682/878/696 694/886/696
f 709/907/697 701/893/697 673/865/697 681/876/697
f 682/878/698 675/871/698 687/879/698 694/886/698
f 674/869/699 703/899/699 717/921/699 688/883/699
f 710/909/700 680/872/700 696/892/700 722/925/700
f 695/890/701 689/885/701 716/917/701 723/929/701
f 724/933/702 715/913/702 702/897/702 708/903/702
o Back_Rest_Side_Mid
v -0.185000 0.848000 -0.010500
v -0.183000 0.850000 -0.010500
v -0.183000 0.848000 -0.012500
v -0.184414 0.849414 -0.010500
v -0.184155 0.849155 -0.011655
v -0.183000 0.849414 -0.011914
v -0.184414 0.848000 -0.011914
v -0.183000 0.610000 -0.010500
v -0.185000 0.612000 -0.010500
v -0.183000 0.612000 -0.012500
v -0.184414 0.610586 -0.010500
v -0.184155 0.610845 -0.011655
v -0.184414 0.612000 -0.011914
v -0.183000 0.610586 -0.011914
v -0.147000 0.848000 -0.012500
v -0.147000 0.850000 -0.010500
v -0.145000 0.848000 -0.010500
v -0.147000 0.849414 -0.011914
v -0.145845 0.849155 -0.011655
v -0.145586 0.849414 -0.010500
v -0.145586 0.848000 -0.011914
v -0.147000 0.612000 -0.012500
v -0.145000 0.612000 -0.010500
v -0.147000 0.610000 -0.010500
v -0.145586 0.612000 -0.011914
v -0.145845 0.610845 -0.011655
v -0.145586 0.610586 -0.010500
v -0.147000 0.610586 -0.011914
v -0.185000 0.848000 0.010500
v -0.183000 0.848000 0.012500
v -0.183000 0.850000 0.010500
v -0.184414 0.848000 0.011914
v -0.184155 0.849155 0.011655
v -0.183000 0.849414 0.011914
v -0.184414 0.849414 0.010500
v -0.183000 0.612000 0.012500
v -0.185000 0.612000 0.010500
v -0.183000 0.610000 0.010500
v -0.184414 0.612000 0.011914
v -0.184155 0.610845 0.011655
v -0.184414 0.610586 0.010500
v -0.183000 0.610586 0.011914
v -0.147000 0.848000 0.012500
v -0.145000 0.848000 0.010500
v -0.147000 0.850000 0.010500
v -0.145586 0.848000 0.011914
v -0.145845 0.849155 0.011655
v -0.145586 0.849414 0.010500
v -0.147000 0.849414 0.011914
v -0.147000 0.610000 0.010500
v -0.145000 0.612000 0.010500
v -0.147000 0.612000 0.012500
v -0.145586 0.610586 0.010500
v -0.145845 0.610845 0.011655
v -0.145586 0.612000 0.011914
v -0.147000 0.610586 0.011914
vn -0.8881 0.3251 -0.3251
vn -0.3251 0.8881 -0.3251
vn -0.3250 0.3251 -0.8881
vn -0.3251 -0.8881 -0.3251
vn -0.8881 -0.3251 -0.3251
vn -0.3251 -0.3251 -0.8881
vn 0.3251 0.3251 -0.8881
vn 0.3251 0.8880 -0.3251
vn 0.8881 0.3251 -0.3251
vn 0.3251 -0.3251 -0.8881
vn 0.8881 -0.3251 -0.3251
vn 0.3250 -0.8881 -0.3251
vn -0.8881 0.3251 0.3251
vn -0.3251 0.3251 0.8881
vn -0.3251 0.8881 0.3251
vn -0.3251 -0.3251 0.8881
vn -0.8881 -0.3251 0.3251
vn -0.3250 -0.8881 0.3251
vn 0.3250 0.3251 0.8881
vn 0.8881 0.3251 0.3251
vn 0.3251 0.8881 0.3251
vn 0.3251 -0.8881 0.3251
vn 0.8881 -0.3251 0.3251
vn 0.3251 -0.3251 0.8881
vn -0.0000 -0.9239 0.3827
vn -0.0000 -0.3827 0.9239
vn -0.3827 -0.9239 -0.0000
vn -0.9239 -0.3827 -0.0000
vn -0.3827 -0.0000 -0.9239
vn -0.9239 -0.0000 -0.3827
vn 0.9239 -0.0000 0.3827
vn 0.3827 -0.0000 0.9239
vn 0.9239 -0.0000 -0.3827
vn 0.3827 -0.0000 -0.9239
vn -0.9239 -0.0000 0.3827
vn -0.3827 -0.0000 0.9239
vn 0.3828 0.9238 -0.0000
vn 0.9239 0.3827 -0.0000
vn -0.0000 0.9239 -0.3827
vn -0.0000 0.3827 -0.9239
vn 0.3827 -0.9239 -0.0000
vn 0.9239 -0.3827 -0.0000
vn -0.0000 0.9239 0.3827
vn -0.0000 0.3827 0.9239
vn -0.3828 0.9238 -0.0000
vn -0.9239 0.3827 -0.0000
vn -0.0000 -0.9239 -0.3827
vn -0.0000 -0.3827 -0.9239
vn -1.0000 -0.0000 -0.0000
vn -0.0000 -0.0000 -1.0000
vn -0.0000 1.0000 -0.0000
vn -0.0000 -1.0000 -0.0000
vn 1.0000 -0.0000 -0.0000
vn -0.0000 -0.0000 1.0000
vt 0.622917 0.480000
vt 0.635000 0.490000
vt 0.624707 0.498943
vt 0.622917 0.500000
vt 0.645000 0.512500
vt 0.625000 0.512500
vt 0.622917 0.512500
vt 0.355000 0.512500
vt 0.365000 0.490000
vt 0.372476 0.501761
vt 0.375000 0.512500
vt 0.377083 0.480000
vt 0.377083 0.500000
vt 0.377083 0.512500
vt 0.622917 0.737500
vt 0.625000 0.737500
vt 0.627524 0.748239
vt 0.622917 0.750000
vt 0.645000 0.737500
vt 0.635000 0.760000
vt 0.622917 0.770000
vt 0.377083 0.737500
vt 0.377083 0.750000
vt 0.375293 0.751057
vt 0.375000 0.737500
vt 0.377083 0.770000
vt 0.365000 0.760000
vt 0.355000 0.737500
vt 0.622917 0.270000
vt 0.622917 0.250000
vt 0.624560 0.247358
vt 0.625000 0.270000
vt 0.622917 0.237500
vt 0.625000 0.237500
vt 0.855000 0.512500
vt 0.855000 0.500000
vt 0.866547 0.500000
vt 0.875000 0.512500
vt 0.377083 0.237500
vt 0.377083 0.250000
vt 0.375440 0.254227
vt 0.375000 0.237500
vt 0.377083 0.270000
vt 0.375000 0.270000
vt 0.145000 0.512500
vt 0.125000 0.512500
vt 0.125000 0.505283
vt 0.145000 0.500000
vt 0.622917 0.012500
vt 0.622917 0.000000
vt 0.624119 0.000000
vt 0.625000 0.012500
vt 0.622917 0.980000
vt 0.625000 0.980000
vt 0.625000 0.991547
vt 0.622917 1.000000
vt 0.855000 0.737500
vt 0.875000 0.737500
vt 0.875000 0.744717
vt 0.855000 0.750000
vt 0.145000 0.737500
vt 0.145000 0.750000
vt 0.133453 0.750000
vt 0.125000 0.737500
vt 0.377083 0.980000
vt 0.377083 1.000000
vt 0.375881 1.000000
vt 0.375000 0.980000
vt 0.377083 0.012500
vt 0.375000 0.012500
vt 0.375000 0.005283
vt 0.377083 0.000000
s 0
usemtl Material.014
f 729/937/703 732/938/703 733/939/703 735/940/703
f 730/941/704 734/942/704 733/939/704 732/938/704
f 731/943/705 735/940/705 733/939/705 734/942/705
f 736/944/706 739/945/706 740/946/706 742/947/706
f 737/948/707 741/949/707 740/946/707 739/945/707
f 738/950/708 742/947/708 740/946/708 741/949/708
f 743/951/709 746/952/709 747/953/709 749/954/709
f 744/955/710 748/956/710 747/953/710 746/952/710
f 745/957/711 749/954/711 747/953/711 748/956/711
f 750/958/712 753/959/712 754/960/712 756/961/712
f 751/962/713 755/963/713 754/960/713 753/959/713
f 752/964/714 756/961/714 754/960/714 755/963/714
f 757/965/715 760/966/715 761/967/715 763/968/715
f 758/969/716 762/970/716 761/967/716 760/966/716
f 759/971/717 763/972/717 761/973/717 762/974/717
f 764/975/718 767/976/718 768/977/718 770/978/718
f 765/979/719 769/980/719 768/977/719 767/976/719
f 766/981/720 770/982/720 768/983/720 769/984/720
f 771/985/721 774/986/721 775/987/721 777/988/721
f 772/989/722 776/990/722 775/991/722 774/992/722
f 773/993/723 777/994/723 775/995/723 776/996/723
f 778/997/724 781/998/724 782/999/724 784/1000/724
f 779/1001/725 783/1002/725 782/1003/725 781/1004/725
f 780/1005/726 784/1006/726 782/1007/726 783/1008/726
f 766/981/727 778/997/727 784/1000/727 770/982/727
f 770/978/728 784/1006/728 780/1005/728 764/975/728
f 736/944/729 766/981/729 769/984/729 739/945/729
f 739/945/730 769/980/730 765/979/730 737/948/730
f 731/943/731 738/950/731 741/949/731 735/940/731
f 735/940/732 741/949/732 737/948/732 729/937/732
f 779/1001/733 772/989/733 774/992/733 783/1002/733
f 783/1008/734 774/986/734 771/985/734 780/1005/734
f 745/957/735 751/962/735 753/959/735 749/954/735
f 749/954/736 753/959/736 750/958/736 743/951/736
f 757/965/737 765/979/737 767/976/737 760/966/737
f 760/966/738 767/976/738 764/975/738 758/969/738
f 744/955/739 773/993/739 776/996/739 748/956/739
f 748/956/740 776/990/740 772/989/740 745/957/740
f 730/941/741 744/955/741 746/952/741 734/942/741
f 734/942/742 746/952/742 743/951/742 731/943/742
f 778/997/743 752/964/743 755/963/743 781/998/743
f 781/1004/744 755/963/744 751/962/744 779/1001/744
f 773/993/745 759/971/745 762/974/745 777/994/745
f 777/988/746 762/970/746 758/969/746 771/985/746
f 759/971/747 730/941/747 732/938/747 763/972/747
f 763/968/748 732/938/748 729/937/748 757/965/748
f 752/964/749 736/944/749 742/947/749 756/961/749
f 756/961/750 742/947/750 738/950/750 750/958/750
f 765/979/751 757/965/751 729/937/751 737/948/751
f 738/950/752 731/943/752 743/951/752 750/958/752
f 730/941/753 759/971/753 773/993/753 744/955/753
f 766/981/754 736/944/754 752/964/754 778/997/754
f 751/962/755 745/957/755 772/989/755 779/1001/755
f 780/1005/756 771/985/756 758/969/756 764/975/756
o Back_Rest_Side_Right
v -0.185000 0.848000 -0.080500
v -0.183000 0.850000 -0.080500
v -0.183000 0.848000 -0.082500
v -0.184414 0.849414 -0.080500
v -0.184155 0.849155 -0.081655
v -0.183000 0.849414 -0.081914
v -0.184414 0.848000 -0.081914
v -0.183000 0.610000 -0.080500
v -0.185000 0.612000 -0.080500
v -0.183000 0.612000 -0.082500
v -0.184414 0.610586 -0.080500
v -0.184155 0.610845 -0.081655
v -0.184414 0.612000 -0.081914
v -0.183000 0.610586 -0.081914
v -0.147000 0.848000 -0.082500
v -0.147000 0.850000 -0.080500
v -0.145000 0.848000 -0.080500
v -0.147000 0.849414 -0.081914
v -0.145845 0.849155 -0.081655
v -0.145586 0.849414 -0.080500
v -0.145586 0.848000 -0.081914
v -0.147000 0.612000 -0.082500
v -0.145000 0.612000 -0.080500
v -0.147000 0.610000 -0.080500
v -0.145586 0.612000 -0.081914
v -0.145845 0.610845 -0.081655
v -0.145586 0.610586 -0.080500
v -0.147000 0.610586 -0.081914
v -0.185000 0.848000 -0.059500
v -0.183000 0.848000 -0.057500
v -0.183000 0.850000 -0.059500
v -0.184414 0.848000 -0.058086
v -0.184155 0.849155 -0.058345
v -0.183000 0.849414 -0.058086
v -0.184414 0.849414 -0.059500
v -0.183000 0.612000 -0.057500
v -0.185000 0.612000 -0.059500
v -0.183000 0.610000 -0.059500
v -0.184414 0.612000 -0.058086
v -0.184155 0.610845 -0.058345
v -0.184414 0.610586 -0.059500
v -0.183000 0.610586 -0.058086
v -0.147000 0.848000 -0.057500
v -0.145000 0.848000 -0.059500
v -0.147000 0.850000 -0.059500
v -0.145586 0.848000 -0.058086
v -0.145845 0.849155 -0.058345
v -0.145586 0.849414 -0.059500
v -0.147000 0.849414 -0.058086
v -0.147000 0.610000 -0.059500
v -0.145000 0.612000 -0.059500
v -0.147000 0.612000 -0.057500
v -0.145586 0.610586 -0.059500
v -0.145845 0.610845 -0.058345
v -0.145586 0.612000 -0.058086
v -0.147000 0.610586 -0.058086
vn -0.8881 0.3251 -0.3251
vn -0.3251 0.8881 -0.3251
vn -0.3251 0.3251 -0.8881
vn -0.3251 -0.8881 -0.3251
vn -0.8881 -0.3251 -0.3251
vn -0.3251 -0.3251 -0.8881
vn 0.3251 0.3251 -0.8881
vn 0.3251 0.8881 -0.3251
vn 0.8881 0.3251 -0.3251
vn 0.3251 -0.3251 -0.8881
vn 0.8881 -0.3251 -0.3251
vn 0.3251 -0.8881 -0.3251
vn -0.8881 0.3251 0.3251
vn -0.3251 0.3251 0.8881
vn -0.3251 0.8881 0.3251
vn -0.3251 -0.3251 0.8881
vn -0.8881 -0.3251 0.3251
vn -0.3251 -0.8881 0.3251
vn 0.3250 0.3251 0.8881
vn 0.8881 0.3251 0.3251
vn 0.3251 0.8880 0.3251
vn 0.3251 -0.8881 0.3251
vn 0.8881 -0.3251 0.3251
vn 0.3251 -0.3251 0.8881
vn -0.0000 -0.9239 0.3827
vn -0.0000 -0.3827 0.9239
vn -0.3827 -0.9239 -0.0000
vn -0.9239 -0.3827 -0.0000
vn -0.3827 -0.0000 -0.9239
vn -0.9239 -0.0000 -0.3827
vn 0.9239 -0.0000 0.3827
vn 0.3827 -0.0000 0.9239
vn 0.9239 -0.0000 -0.3827
vn 0.3827 -0.0000 -0.9239
vn -0.9239 -0.0000 0.3827
vn -0.3827 -0.0000 0.9239
vn 0.3827 0.9239 -0.0000
vn 0.9239 0.3827 -0.0000
vn -0.0000 0.9239 -0.3827
vn -0.0000 0.3827 -0.9239
vn 0.3827 -0.9239 -0.0000
vn 0.9239 -0.3827 -0.0000
vn -0.0000 0.9239 0.3827
vn -0.0000 0.3827 0.9239
vn -0.3827 0.9239 -0.0000
vn -0.9239 0.3827 -0.0000
vn -0.0000 -0.9239 -0.3827
vn -0.0000 -0.3827 -0.9239
vn -1.0000 -0.0000 -0.0000
vn -0.0000 -0.0000 -1.0000
vn -0.0000 1.0000 -0.0000
vn -0.0000 -1.0000 -0.0000
vn 1.0000 -0.0000 -0.0000
vn -0.0000 -0.0000 1.0000
vt 0.622917 0.480000
vt 0.635000 0.490000
vt 0.624707 0.498943
vt 0.622917 0.500000
vt 0.645000 0.512500
vt 0.625000 0.512500
vt 0.622917 0.512500
vt 0.355000 0.512500
vt 0.365000 0.490000
vt 0.372476 0.501761
vt 0.375000 0.512500
vt 0.377083 0.480000
vt 0.377083 0.500000
vt 0.377083 0.512500
vt 0.622917 0.737500
vt 0.625000 0.737500
vt 0.627524 0.748239
vt 0.622917 0.750000
vt 0.645000 0.737500
vt 0.635000 0.760000
vt 0.622917 0.770000
vt 0.377083 0.737500
vt 0.377083 0.750000
vt 0.375293 0.751057
vt 0.375000 0.737500
vt 0.377083 0.770000
vt 0.365000 0.760000
vt 0.355000 0.737500
vt 0.622917 0.270000
vt 0.622917 0.250000
vt 0.624560 0.247358
vt 0.625000 0.270000
vt 0.622917 0.237500
vt 0.625000 0.237500
vt 0.855000 0.512500
vt 0.855000 0.500000
vt 0.866547 0.500000
vt 0.875000 0.512500
vt 0.377083 0.237500
vt 0.377083 0.250000
vt 0.375440 0.254227
vt 0.375000 0.237500
vt 0.377083 0.270000
vt 0.375000 0.270000
vt 0.145000 0.512500
vt 0.125000 0.512500
vt 0.125000 0.505283
vt 0.145000 0.500000
vt 0.622917 0.012500
vt 0.622917 0.000000
vt 0.624119 0.000000
vt 0.625000 0.012500
vt 0.622917 0.980000
vt 0.625000 0.980000
vt 0.625000 0.991547
vt 0.622917 1.000000
vt 0.855000 0.737500
vt 0.875000 0.737500
vt 0.875000 0.744717
vt 0.855000 0.750000
vt 0.145000 0.737500
vt 0.145000 0.750000
vt 0.133453 0.750000
vt 0.125000 0.737500
vt 0.377083 0.980000
vt 0.377083 1.000000
vt 0.375881 1.000000
vt 0.375000 0.980000
vt 0.377083 0.012500
vt 0.375000 0.012500
vt 0.375000 0.005283
vt 0.377083 0.000000
s 0
usemtl Material.015
f 785/1009/757 788/1010/757 789/1011/757 791/1012/757
f 786/1013/758 790/1014/758 789/1011/758 788/1010/758
f 787/1015/759 791/1012/759 789/1011/759 790/1014/759
f 792/1016/760 795/1017/760 796/1018/760 798/1019/760
f 793/1020/761 797/1021/761 796/1018/761 795/1017/761
f 794/1022/762 798/1019/762 796/1018/762 797/1021/762
f 799/1023/763 802/1024/763 803/1025/763 805/1026/763
f 800/1027/764 804/1028/764 803/1025/764 802/1024/764
f 801/1029/765 805/1026/765 803/1025/765 804/1028/765
f 806/1030/766 809/1031/766 810/1032/766 812/1033/766
f 807/1034/767 811/1035/767 810/1032/767 809/1031/767
f 808/1036/768 812/1033/768 810/1032/768 811/1035/768
f 813/1037/769 816/1038/769 817/1039/769 819/1040/769
f 814/1041/770 818/1042/770 817/1039/770 816/1038/770
f 815/1043/771 819/1044/771 817/1045/771 818/1046/771
f 820/1047/772 823/1048/772 824/1049/772 826/1050/772
f 821/1051/773 825/1052/773 824/1049/773 823/1048/773
f 822/1053/774 826/1054/774 824/1055/774 825/1056/774
f 827/1057/775 830/1058/775 831/1059/775 833/1060/775
f 828/1061/776 832/1062/776 831/1063/776 830/1064/776
f 829/1065/777 833/1066/777 831/1067/777 832/1068/777
f 834/1069/778 837/1070/778 838/1071/778 840/1072/778
f 835/1073/779 839/1074/779 838/1075/779 837/1076/779
f 836/1077/780 840/1078/780 838/1079/780 839/1080/780
f 822/1053/781 834/1069/781 840/1072/781 826/1054/781
f 826/1050/782 840/1078/782 836/1077/782 820/1047/782
f 792/1016/783 822/1053/783 825/1056/783 795/1017/783
f 795/1017/784 825/1052/784 821/1051/784 793/1020/784
f 787/1015/785 794/1022/785 797/1021/785 791/1012/785
f 791/1012/786 797/1021/786 793/1020/786 785/1009/786
f 835/1073/787 828/1061/787 830/1064/787 839/1074/787
f 839/1080/788 830/1058/788 827/1057/788 836/1077/788
f 801/1029/789 807/1034/789 809/1031/789 805/1026/789
f 805/1026/790 809/1031/790 806/1030/790 799/1023/790
f 813/1037/791 821/1051/791 823/1048/791 816/1038/791
f 816/1038/792 823/1048/792 820/1047/792 814/1041/792
f 800/1027/793 829/1065/793 832/1068/793 804/1028/793
f 804/1028/794 832/1062/794 828/1061/794 801/1029/794
f 786/1013/795 800/1027/795 802/1024/795 790/1014/795
f 790/1014/796 802/1024/796 799/1023/796 787/1015/796
f 834/1069/797 808/1036/797 811/1035/797 837/1070/797
f 837/1076/798 811/1035/798 807/1034/798 835/1073/798
f 829/1065/799 815/1043/799 818/1046/799 833/1066/799
f 833/1060/800 818/1042/800 814/1041/800 827/1057/800
f 815/1043/801 786/1013/801 788/1010/801 819/1044/801
f 819/1040/802 788/1010/802 785/1009/802 813/1037/802
f 808/1036/803 792/1016/803 798/1019/803 812/1033/803
f 812/1033/804 798/1019/804 794/1022/804 806/1030/804
f 821/1051/805 813/1037/805 785/1009/805 793/1020/805
f 794/1022/806 787/1015/806 799/1023/806 806/1030/806
f 786/1013/807 815/1043/807 829/1065/807 800/1027/807
f 822/1053/808 792/1016/808 808/1036/808 834/1069/808
f 807/1034/809 801/1029/809 828/1061/809 835/1073/809
f 836/1077/810 827/1057/810 814/1041/810 820/1047/810
o Back_Rest_Side_Left
v -0.185000 0.848000 0.059500
v -0.183000 0.850000 0.059500
v -0.183000 0.848000 0.057500
v -0.184414 0.849414 0.059500
v -0.184155 0.849155 0.058345
v -0.183000 0.849414 0.058086
v -0.184414 0.848000 0.058086
v -0.183000 0.610000 0.059500
v -0.185000 0.612000 0.059500
v -0.183000 0.612000 0.057500
v -0.184414 0.610586 0.059500
v -0.184155 0.610845 0.058345
v -0.184414 0.612000 0.058086
v -0.183000 0.610586 0.058086
v -0.147000 0.848000 0.057500
v -0.147000 0.850000 0.059500
v -0.145000 0.848000 0.059500
v -0.147000 0.849414 0.058086
v -0.145845 0.849155 0.058345
v -0.145586 0.849414 0.059500
v -0.145586 0.848000 0.058086
v -0.147000 0.612000 0.057500
v -0.145000 0.612000 0.059500
v -0.147000 0.610000 0.059500
v -0.145586 0.612000 0.058086
v -0.145845 0.610845 0.058345
v -0.145586 0.610586 0.059500
v -0.147000 0.610586 0.058086
v -0.185000 0.848000 0.080500
v -0.183000 0.848000 0.082500
v -0.183000 0.850000 0.080500
v -0.184414 0.848000 0.081914
v -0.184155 0.849155 0.081655
v -0.183000 0.849414 0.081914
v -0.184414 0.849414 0.080500
v -0.183000 0.612000 0.082500
v -0.185000 0.612000 0.080500
v -0.183000 0.610000 0.080500
v -0.184414 0.612000 0.081914
v -0.184155 0.610845 0.081655
v -0.184414 0.610586 0.080500
v -0.183000 0.610586 0.081914
v -0.147000 0.848000 0.082500
v -0.145000 0.848000 0.080500
v -0.147000 0.850000 0.080500
v -0.145586 0.848000 0.081914
v -0.145845 0.849155 0.081655
v -0.145586 0.849414 0.080500
v -0.147000 0.849414 0.081914
v -0.147000 0.610000 0.080500
v -0.145000 0.612000 0.080500
v -0.147000 0.612000 0.082500
v -0.145586 0.610586 0.080500
v -0.145845 0.610845 0.081655
v -0.145586 0.612000 0.081914
v -0.147000 0.610586 0.081914
vn -0.8881 0.3251 -0.3251
vn -0.3251 0.8881 -0.3251
vn -0.3251 0.3251 -0.8881
vn -0.3251 -0.8881 -0.3251
vn -0.8881 -0.3251 -0.3251
vn -0.3251 -0.3251 -0.8881
vn 0.3251 0.3251 -0.8881
vn 0.3251 0.8881 -0.3251
vn 0.8881 0.3251 -0.3251
vn 0.3251 -0.3251 -0.8881
vn 0.8881 -0.3251 -0.3251
vn 0.3251 -0.8881 -0.3251
vn -0.8881 0.3251 0.3251
vn -0.3251 0.3251 0.8881
vn -0.3251 0.8881 0.3251
vn -0.3251 -0.3251 0.8881
vn -0.8881 -0.3251 0.3251
vn -0.3251 -0.8881 0.3251
vn 0.3251 0.3251 0.8881
vn 0.8881 0.3251 0.3251
vn 0.3251 0.8881 0.3251
vn 0.3251 -0.8881 0.3251
vn 0.8881 -0.3251 0.3251
vn 0.3251 -0.3251 0.8881
vn -0.0000 -0.9239 0.3827
vn -0.0000 -0.3827 0.9239
vn -0.3827 -0.9239 -0.0000
vn -0.9239 -0.3827 -0.0000
vn -0.3827 -0.0000 -0.9239
vn -0.9239 -0.0000 -0.3827
vn 0.9239 -0.0000 0.3827
vn 0.3827 -0.0000 0.9239
vn 0.9239 -0.0000 -0.3827
vn 0.3827 -0.0000 -0.9239
vn -0.9239 -0.0000 0.3827
vn -0.3827 -0.0000 0.9239
vn 0.3827 0.9239 -0.0000
vn 0.9239 0.3827 -0.0000
vn -0.0000 0.9239 -0.3827
vn -0.0000 0.3827 -0.9239
vn 0.3827 -0.9239 -0.0000
vn 0.9239 -0.3827 -0.0000
vn -0.0000 0.9239 0.3827
vn -0.0000 0.3827 0.9239
vn -0.3827 0.9239 -0.0000
vn -0.9239 0.3827 -0.0000
vn -0.0000 -0.9239 -0.3827
vn -0.0000 -0.3827 -0.9239
vn -1.0000 -0.0000 -0.0000
vn -0.0000 -0.0000 -1.0000
vn -0.0000 1.0000 -0.0000
vn -0.0000 -1.0000 -0.0000
vn 1.0000 -0.0000 -0.0000
vn -0.0000 -0.0000 1.0000
vt 0.622917 0.480000
vt 0.635000 0.490000
vt 0.624707 0.498943
vt 0.622917 0.500000
vt 0.645000 0.512500
vt 0.625000 0.512500
vt 0.622917 0.512500
vt 0.355000 0.512500
vt 0.365000 0.490000
vt 0.372476 0.501761
vt 0.375000 0.512500
vt 0.377083 0.480000
vt 0.377083 0.500000
vt 0.377083 0.512500
vt 0.622917 0.737500
vt 0.625000 0.737500
vt 0.627524 0.748239
vt 0.622917 0.750000
vt 0.645000 0.737500
vt 0.635000 0.760000
vt 0.622917 0.770000
vt 0.377083 0.737500
vt 0.377083 0.750000
vt 0.375293 0.751057
vt 0.375000 0.737500
vt 0.377083 0.770000
vt 0.365000 0.760000
vt 0.355000 0.737500
vt 0.622917 0.270000
vt 0.622917 0.250000
vt 0.624560 0.247358
vt 0.625000 0.270000
vt 0.622917 0.237500
vt 0.625000 0.237500
vt 0.855000 0.512500
vt 0.855000 0.500000
vt 0.866547 0.500000
vt 0.875000 0.512500
vt 0.377083 0.237500
vt 0.377083 0.250000
vt 0.375440 0.254227
vt 0.375000 0.237500
vt 0.377083 0.270000
vt 0.375000 0.270000
vt 0.145000 0.512500
vt 0.125000 0.512500
vt 0.125000 0.505283
vt 0.145000 0.500000
vt 0.622917 0.012500
vt 0.622917 0.000000
vt 0.624119 0.000000
vt 0.625000 0.012500
vt 0.622917 0.980000
vt 0.625000 0.980000
vt 0.625000 0.991547
vt 0.622917 1.000000
vt 0.855000 0.737500
vt 0.875000 0.737500
vt 0.875000 0.744717
vt 0.855000 0.750000
vt 0.145000 0.737500
vt 0.145000 0.750000
vt 0.133453 0.750000
vt 0.125000 0.737500
vt 0.377083 0.980000
vt 0.377083 1.000000
vt 0.375881 1.000000
vt 0.375000 0.980000
vt 0.377083 0.012500
vt 0.375000 0.012500
vt 0.375000 0.005283
vt 0.377083 0.000000
s 0
usemtl Material.016
f 841/1081/811 844/1082/811 845/1083/811 847/1084/811
f 842/1085/812 846/1086/812 845/1083/812 844/1082/812
f 843/1087/813 847/1084/813 845/1083/813 846/1086/813
f 848/1088/814 851/1089/814 852/1090/814 854/1091/814
f 849/1092/815 853/1093/815 852/1090/815 851/1089/815
f 850/1094/816 854/1091/816 852/1090/816 853/1093/816
f 855/1095/817 858/1096/817 859/1097/817 861/1098/817
f 856/1099/818 860/1100/818 859/1097/818 858/1096/818
f 857/1101/819 861/1098/819 859/1097/819 860/1100/819
f 862/1102/820 865/1103/820 866/1104/820 868/1105/820
f 863/1106/821 867/1107/821 866/1104/821 865/1103/821
f 864/1108/822 868/1105/822 866/1104/822 867/1107/822
f 869/1109/823 872/1110/823 873/1111/823 875/1112/823
f 870/1113/824 874/1114/824 873/1111/824 872/1110/824
f 871/1115/825 875/1116/825 873/1117/825 874/1118/825
f 876/1119/826 879/1120/826 880/1121/826 882/1122/826
f 877/1123/827 881/1124/827 880/1121/827 879/1120/827
f 878/1125/828 882/1126/828 880/1127/828 881/1128/828
f 883/1129/829 886/1130/829 887/1131/829 889/1132/829
f 884/1133/830 888/1134/830 887/1135/830 886/1136/830
f 885/1137/831 889/1138/831 887/1139/831 888/1140/831
f 890/1141/832 893/1142/832 894/1143/832 896/1144/832
f 891/1145/833 895/1146/833 894/1147/833 893/1148/833
f 892/1149/834 896/1150/834 894/1151/834 895/1152/834
f 878/1125/835 890/1141/835 896/1144/835 882/1126/835
f 882/1122/836 896/1150/836 892/1149/836 876/1119/836
f 848/1088/837 878/1125/837 881/1128/837 851/1089/837
f 851/1089/838 881/1124/838 877/1123/838 849/1092/838
f 843/1087/839 850/1094/839 853/1093/839 847/1084/839
f 847/1084/840 853/1093/840 849/1092/840 841/1081/840
f 891/1145/841 884/1133/841 886/1136/841 895/1146/841
f 895/1152/842 886/1130/842 883/1129/842 892/1149/842
f 857/1101/843 863/1106/843 865/1103/843 861/1098/843
f 861/1098/844 865/1103/844 862/1102/844 855/1095/844
f 869/1109/845 877/1123/845 879/1120/845 872/1110/845
f 872/1110/846 879/1120/846 876/1119/846 870/1113/846
f 856/1099/847 885/1137/847 888/1140/847 860/1100/847
f 860/1100/848 888/1134/848 884/1133/848 857/1101/848
f 842/1085/849 856/1099/849 858/1096/849 846/1086/849
f 846/1086/850 858/1096/850 855/1095/850 843/1087/850
f 890/1141/851 864/1108/851 867/1107/851 893/1142/851
f 893/1148/852 867/1107/852 863/1106/852 891/1145/852
f 885/1137/853 871/1115/853 874/1118/853 889/1138/853
f 889/1132/854 874/1114/854 870/1113/854 883/1129/854
f 871/1115/855 842/1085/855 844/1082/855 875/1116/855
f 875/1112/856 844/1082/856 841/1081/856 869/1109/856
f 864/1108/857 848/1088/857 854/1091/857 868/1105/857
f 868/1105/858 854/1091/858 850/1094/858 862/1102/858
f 877/1123/859 869/1109/859 841/1081/859 849/1092/859
f 850/1094/860 843/1087/860 855/1095/860 862/1102/860
f 842/1085/861 871/1115/861 885/1137/861 856/1099/861
f 878/1125/862 848/1088/862 864/1108/862 890/1141/862
f 863/1106/863 857/1101/863 884/1133/863 891/1145/863
f 892/1149/864 883/1129/864 870/1113/864 876/1119/864
o Plane
v -2.000000 0.000000 2.000000
v 2.000000 0.000000 2.000000
v -2.000000 0.000000 -2.000000
v 2.000000 0.000000 -2.000000
vn -0.0000 1.0000 -0.0000
vt 0.000000 0.000000
vt 1.000000 0.000000
vt 1.000000 1.000000
vt 0.000000 1.000000
s 0
f 897/1153/865 898/1154/865 900/1155/865 899/1156/865
